ID	タイトル	タイトルよみ	版	シリーズタイトル	責任表示	出版者	出版地（国名コード）	出版年月日等	出版年（W3CDTF）	タイトル（掲載誌）	授与機関名・学位	刊行巻次	大きさ、容量等	縮尺	分類（NDC）	分類（NDLC）	件名標目	ジャンル・形式用語	請求記号	書誌ID（NDLBibID）	識別子（URI）	DOI	国立国会図書館永続的識別子	規格・リポート番号	ISBN	ISSN、ISSN-L	ISMN（国際標準楽譜番号）	発売番号	並列タイトル	受理日（W3CDTF）	目次	注記	本文の言語コード（ISO639-2）	記録形式	掲載巻	掲載号	掲載通号	一次資料へのリンクURL	原資料（URI）	関連情報（URI）	異版（URI）	掲載誌（URI）	目次・記事（URI）	別の記録形式である（URI）	別の記録形式を持つ（URI）	改題前（NDLJP）	改題後（NDLJP）	収集根拠	所蔵機関	連携機関・データベース	アクセスURL	資料種別	資料形態
R100000039-I11499077	屋久島の高山性ミニチュア植物ヒメコナスビの小型化形質に関わる遺伝学的解析	屋久島の高山性ミニチュア植物ヒメコナスビの小型化形質に関わる遺伝学的解析			掛澤, 明弘	掛澤, 明弘		2020	2020		京都大学 , 博士(理学)												info:ndljp/pid/11499077							2020-06-08T17:12:21+09:00			jpn															博士論文（送信）		国立国会図書館デジタルコレクション	https://dl.ndl.go.jp/pid/11499077	博士論文	デジタル
R100000002-I025029962	屋久島に分布する火山灰由来土壌の生成論的研究	ヤクシマ ニ ブンプスル カザンバイ ユライ ドジョウ ノ セイセイロンテキ ケンキュウ			江口哲也 [著]	[江口哲也]	JP	[2012]	2012		筑波大学 , 博士(農学)		1冊			UT51			UT51-2013-L2	025029962	025029962											博士論文	jpn																国立国会図書館	国立国会図書館蔵書	https://ndlsearch.ndl.go.jp/books/R100000002-I025029962	博士論文	紙
R100000002-I023381291	離島開発と資源の階層性 : 屋久島の森と海と節	リトウ カイハツ ト シゲン ノ カイソウセイ : ヤクシマ ノ モリ ト ウミ ト フシ			王智弘 [著]	[王智弘]	JP	[2010]	2010		東京大学 , 博士 (国際協力学)		1冊			UT51			UT51-2011-M805	023381291	023381291								A historical analysis on the multi-layered resources system of Yaku Island : a prospect for sustainable development through dried fish production			博士論文	jpn																国立国会図書館	国立国会図書館蔵書	https://ndlsearch.ndl.go.jp/books/R100000002-I023381291	博士論文	紙
R100000002-I025012066	屋久島沿岸域に分布する岩盤割れ目内物質の充填環境及び形成年代	ヤクシマ エンガンイキ ニ ブンプスル ガンバン ワレメナイ ブッシツ ノ ジュウテン カンキョウ オヨビ ケイセイ ネンダイ			松下智昭 [著]	[松下智昭]	JP	[2013]	2013		埼玉大学 , 博士(学術)		1冊			UT51			UT51-2013-K194	025012066	025012066 , BB15106571											博士論文	jpn																国立国会図書館	国立国会図書館蔵書	https://ndlsearch.ndl.go.jp/books/R100000002-I025012066	博士論文	紙
R100000002-I000010879368	鹿児島県屋久島産高等植物の矮小化に関する細胞分類学的研究	カゴシマケン ヤクシマサン コウトウ ショクブツ ノ ワイショウカ ニ カンスル サイボウ ブンルイガクテキ ケンキュウ			山本伸子 [著]	[山本伸子]	JP	[2010]	2010		岡山理科大学 , 博士 (学術)		1冊			UT51			UT51-2010-A791	000010879368	000010879368											博士論文	jpn																国立国会図書館	国立国会図書館蔵書	https://ndlsearch.ndl.go.jp/books/R100000002-I000010879368	博士論文	紙
R100000002-I000008493342	屋久島,沖縄,ジャワ島における木生シダ類(ヘゴ属)の比較生態学的研究	ヤクシマ オキナワ ジャワトウ ニ オケル モクセイ シダルイ ヘゴゾク ノ ヒカク セイタイガクテキ ケンキュウ			永野徹 [著]	[永野徹]	JP	[2006]	2006		鹿児島大学 , 博士 (理学)		1冊			UT51			UT51-2007-B566	000008493342	000008493342								Comparative ecology of tree-ferns (Cyathea spp.) on Yakushima, Okinawa and Java Islands			博士論文	jpn																国立国会図書館	国立国会図書館蔵書	https://ndlsearch.ndl.go.jp/books/R100000002-I000008493342	博士論文	紙
R100000002-I000011260424	鹿児島県屋久島および千葉県館山湾における潮間帯岩礁域に生息する魚類の生態学的研究	カゴシマケン ヤクシマ オヨビ チバケン タテヤマワン ニ オケル チョウカンタイ ガンショウイキ ニ セイソクスル ギョルイ ノ セイタイガクテキ ケンキュウ			村瀬敦宣 [著]	[村瀬敦宣]	JP	[2011]	2011		東京海洋大学 , 博士 (海洋科学)		1冊			UT51			UT51-2011-E936	000011260424	000011260424											博士論文	jpn																国立国会図書館	国立国会図書館蔵書	https://ndlsearch.ndl.go.jp/books/R100000002-I000011260424	博士論文	紙
R100000002-I023439696	屋久島における酸素同位体比の内陸効果・標高効果の推定と花崗岩地帯の地下水流動の推定	ヤクシマ ニ オケル サンソ ドウイタイヒ ノ ナイリク コウカ ヒョウコウ コウカ ノ スイテイ ト カコウガン チタイ ノ チカスイ リュウドウ ノ スイテイ			横田恭平 [著]	[横田恭平]	JP	[2010]	2010		和歌山大学 , 博士 (工学)		1冊			UT51			UT51-2011-P796	023439696	023439696 , BB07185619								Effects of distance and altitude for oxygen isotope and estimating groundwater flow of granite in the Yakushima Island			博士論文	jpn																国立国会図書館	国立国会図書館蔵書	https://ndlsearch.ndl.go.jp/books/R100000002-I023439696	博士論文	紙
R100000002-I000007479844	mtDNA変異の地理的分布からみた屋久島ニホンザルの完新世の歴史	mtDNA ヘンイ ノ チリテキ ブンプ カラ ミタ ヤクシマ ニホンザル ノ カンシンセイ ノ レキシ			早石周平 [著]	[早石周平]	JP	[2004]	2004		京都大学 , 博士 (理学)		1冊			UT51			UT51-2004-G501	000007479844	000007479844											博士論文	jpn																国立国会図書館	国立国会図書館蔵書	https://ndlsearch.ndl.go.jp/books/R100000002-I000007479844	博士論文	紙
R100000002-I000008443891	屋久島の山岳空間における自然保護と観光利用の展開に伴う住民摩擦に関する研究	ヤクシマ ノ サンガク クウカン ニ オケル シゼン ホゴ ト カンコウ リヨウ ノ テンカイ ニ トモナウ ジュウミン マサツ ニ カンスル ケンキュウ			井関崇博 [著]	[井関崇博]	JP	[2006]	2006		東京工業大学 , 博士 (学術)		1冊			UT51			UT51-2006-R568	000008443891	000008443891											博士論文	jpn																国立国会図書館	国立国会図書館蔵書	https://ndlsearch.ndl.go.jp/books/R100000002-I000008443891	博士論文	紙
R100000002-I000000308488	屋久島・照葉樹林における動物散布植物の生態学的研究	ヤクシマ ショウヨウジュリン ニ オケル ドウブツ サンプ ショクブツ ノ セイタイガクテキ ケンキュウ			野間直彦 [著]		JP				京都大学 , 博士 (理学)					UT51			UT51-97-H87	000000308488	000000308488	10.11501/3123298	info:ndljp/pid/3123298									博士論文																	国立国会図書館	国立国会図書館蔵書	https://ndlsearch.ndl.go.jp/books/R100000002-I000000308488	博士論文	紙
R100000002-I000008491751	世界自然遺産登録地域及び周縁部を対象とする管理論の構築に向けた基礎的研究 : 鹿児島県屋久島を事例として	セカイ シゼン イサン トウロク チイキ オヨビ シュウエンブ オ タイショウ ト スル カンリロン ノ コウチク ニ ムケタ キソテキ ケンキュウ : カゴシマケン ヤクシマ オ ジレイ ト シテ			柴崎茂光 [著]	[柴崎茂光]	JP	[2006]	2006		東京大学 , 博士 (農学)		1冊			UT51			UT51-2007-B358	000008491751	000008491751											博士論文	jpn																国立国会図書館	国立国会図書館蔵書	https://ndlsearch.ndl.go.jp/books/R100000002-I000008491751	博士論文	紙
R100000002-I000000390436	鹿児島県与論島漁民の屋久島移住に関する研究 : 民俗学における移住誌の構築	カゴシマケン ヨロントウ ギョミン ノ ヤクシマ イジュウ ニ カンスル ケンキュウ : ミンゾクガク ニ オケル イジュウシ ノ コウチク			野地恒有 [著]	[野地恒有]	JP	[2000]	2000		筑波大学 , 博士 (文学)		1冊			UT51			UT51-2000-P298	000000390436	000000390436	10.11501/3175040	info:ndljp/pid/3175040									博士論文	jpn																国立国会図書館	国立国会図書館蔵書	https://ndlsearch.ndl.go.jp/books/R100000002-I000000390436	博士論文	紙
R100000002-I000004108546	屋久島におけるウナギ属シラスの接岸回遊とオオウナギの河川生活期の生態に関する研究	ヤクシマ ニ オケル ウナギゾク シラス ノ セツガン カイユウ ト オオウナギ ノ カセン セイカツキ ノ セイタイ ニ カンスル ケンキュウ			山本敏博 [著]	[山本敏博]	JP	2002	2002		九州大学 , 博士 (農学)		1冊			UT51			UT51-2003-D312	000004108546	000004108546											博士論文	jpn																国立国会図書館	国立国会図書館蔵書	https://ndlsearch.ndl.go.jp/books/R100000002-I000004108546	博士論文	紙
R100000002-I000000218719	屋久島産ガジュツ含有セスキテルペンの化学的研究	ヤクシマサン ガジュツ ガンユウ セスキテルペン ノ カガクテキ ケンキュウ			蔡陽 [著]		JP				大阪大学 , 薬学博士					UT51 , UT27			UT51-89-H255	000000218719	000000218719	10.11501/11598657	info:ndljp/pid/11598657									博士論文																	国立国会図書館	国立国会図書館蔵書	https://ndlsearch.ndl.go.jp/books/R100000002-I000000218719	博士論文	紙
R100000002-I000007784704	屋久島苔類誌	ヤクシマ タイルイシ			服部新佐 [著]		JP				東京大学 , 理学博士		冊			UT51			UT51-58-A1454	000007784704	000007784704											博士論文																	国立国会図書館	国立国会図書館蔵書	https://ndlsearch.ndl.go.jp/books/R100000002-I000007784704	博士論文	紙
R000000025-I012210005632224	屋久島におけるニホンザルの消化物粒子径：変動パターン，決定要因および消化への潜在的影響	屋久島におけるニホンザルの消化物粒子径：変動パターン，決定要因および消化への潜在的影響			何, 天萌	Kyoto University		2022-09-26	2022-09-26		京都大学 , 博士(理学) , Doctor of Science				400		Chewing , Fecal particle size , Digestion , Gut microbes , Macaca fuscata					10.14989/doctor.k24184							The digesta particle size of Japanese macaques in Yakushima: Variation, determinants and its potential influence on digestion		grigk04875.pdf , yrigk04875.pdf		eng																	学術機関リポジトリデータベース（IRDB）（機関リポジトリ）	http://hdl.handle.net/2433/277327	博士論文	デジタル
R000000025-I012110005988530	屋久島においてDNA分析を用いてヤクシカの糞便から検出された植物分類群の地域的・季節的変動	屋久島においてDNA分析を用いてヤクシカの糞便から検出された植物分類群の地域的・季節的変動			東, 悠斗			2022-06-30	2022-06-30		九州大学 , 博士（理学） , DOCTOR OF SCIENCE																		Geographical and seasonal variation of plant composition detected in feces of Cervus nippon yakushimae using plant DNA analysis, in Yakushima Island, Japan		sls0268.pdf , sls0268_abstract.pdf , sls0268_review.pdf		eng																	学術機関リポジトリデータベース（IRDB）（機関リポジトリ）	https://hdl.handle.net/2324/4795532	博士論文	デジタル
R000000025-I012210004554308	屋久島の高山性ミニチュア植物ヒメコナスビの小型化形質に関わる遺伝学的解析	屋久島の高山性ミニチュア植物ヒメコナスビの小型化形質に関わる遺伝学的解析			掛澤, 明弘	Kyoto University		2020-03-23	2020-03-23		京都大学 , 博士(理学) , Doctor of Science				400		屋久島 , 高山 , 小型化 , 適応進化 , コナスビ					10.14989/doctor.k22285									yrigk04599.pdf , grigk04599.pdf		jpn										https://doi.org/10.1007/s00606-017-1410-2							学術機関リポジトリデータベース（IRDB）（機関リポジトリ）	http://hdl.handle.net/2433/253121	博士論文	デジタル
R000000025-I012210004073163	屋久島における標高傾度に沿った土壌窒素・リン可給性の相互作用を介した土壌－植生系の分化	屋久島における標高傾度に沿った土壌窒素・リン可給性の相互作用を介した土壌－植生系の分化			向井, 真那	Kyoto University		2019-05-23	2019-05-23		京都大学 , 博士(農学) , Doctor of Agricultural Science				610		Phosphorus availability , Nitrogen availability , Elevation gradient , Soil-vegetation system , Volcanic ash soil					10.14989/doctor.k21968							Differentiation of the vegetation-soil system through the interactions of soil N and P availabilities along an elevational gradient on Yakushima Island, Japan		gnogk02358.pdf , ynogk02358.pdf		eng																	学術機関リポジトリデータベース（IRDB）（機関リポジトリ）	http://hdl.handle.net/2433/242919	博士論文	デジタル
R000000025-I012110000238155	年輪生態学的手法を用いた屋久島におけるスギ老齢林の長期森林動態の解明	年輪生態学的手法を用いた屋久島におけるスギ老齢林の長期森林動態の解明			伊髙, 静			2013-03-26	2013-03-26		九州大学 , 博士（農学） , DOCTOR OF PHILOSOPHY (Agricultural Science)											10.15017/26651							Dendroecological Analysis of Long-term Forest Dynamics of Old-growth Cryptomeria japonica Forest on Yakushima Island		agr708.pdf , agr708_abstract.pdf , 1. General Introduction 2. Estimation of Growth Rates Based on Tree-ring Analysis of Cryptomeria japonica on Yakushima Island, Japan 3. Identifying Dendroecological Growth Releases in Old-growth Cryptomeria japonica Forest on Yakushima Island, Japan 4. Comparing 30-years Diameter Censuses and Tree-ring Chronologies on Old-growth Cryptomeria japonica from Yakushima Island, Japan 5. General Discussion	主1-参1 , 森林資源	eng																	学術機関リポジトリデータベース（IRDB）（機関リポジトリ）	https://hdl.handle.net/2324/26651	博士論文	デジタル
R000000025-I012210000041117	屋久島におけるシマヘビの色彩二型, 特に温度生物学に関する論及	ヤクシマ ニ オケル シマヘビ ノ シキサイ ニガタ トクニ オンド セイブツガク ニ カンスル ロンキュウ			Tanaka, Koji	京都大学 (Kyoto University)		2006-03-23	2006-03-23		京都大学 , 博士(理学) , Doctor of Science				400							10.14989/doctor.k12150							Colour dimorphism in Elaphe quadrivirgata (Serpentes:Colubridae) on Yakushima Island, with special reference to its thermal biology		D_Tanaka_Koji.pdf , yrigk03044.pdf		eng																	学術機関リポジトリデータベース（IRDB）（機関リポジトリ）	http://hdl.handle.net/2433/73210	博士論文	デジタル
R000000025-I012210000110855	mtDNA変異の地理的分布からみた屋久島ニホンザルの完新世の歴史	mtDNA ヘンイ ノ チリテキ ブンプ カラ ミタ ヤクシマ ニホンザル ノ カンシンセイ ノ レキシ			早石, 周平	京都大学 (Kyoto University)		2004-03-23	2004-03-23		京都大学 , 博士(理学) , Doctor of Science				400																		jpn					http://repository.kulib.kyoto-u.ac.jp/dspace/bitstream/2433/147856/1/yrigk02796.pdf												学術機関リポジトリデータベース（IRDB）（機関リポジトリ）	http://hdl.handle.net/2433/147856	博士論文	デジタル
R000000025-I012210000112119	ニホンザルの分子生態学 : 屋久島の野生群における性行動と父性	ニホンザル ノ ブンシ セイタイガク : ヤクシマ ノ ヤセイグン ニ オケル セイコウドウ ト フセイ			Hayakawa, Sachiko	京都大学 (Kyoto University)		2003-03-24	2003-03-24		京都大学 , 博士(理学) , Doctor of Science				400														Molecular Ecology of the Japanese Macaque(Macaca fuscata yakui) : Sexual Behavior and Paternity in Wild Yakushima Troops				eng					http://repository.kulib.kyoto-u.ac.jp/dspace/bitstream/2433/149149/1/yrigk02689.pdf												学術機関リポジトリデータベース（IRDB）（機関リポジトリ）	http://hdl.handle.net/2433/149149	博士論文	デジタル
R000000025-I012210000113349	屋久島の野生ニホンザルにおける交尾コストの変異	屋久島の野生ニホンザルにおける交尾コストの変異			Matsubara, Miki	京都大学 (Kyoto University)		2001-05-23	2001-05-23		京都大学 , 博士(理学) , Doctor of Science				400														Variation of Mating Costs in Wild Japanese Macaques(Macaca fuscata yakui)on Yakushima Island.				eng					http://repository.kulib.kyoto-u.ac.jp/dspace/bitstream/2433/150384/1/yrigk02381.pdf												学術機関リポジトリデータベース（IRDB）（機関リポジトリ）	http://hdl.handle.net/2433/150384	博士論文	デジタル
R000000025-I012210000053670	屋久島のニホンザルの異なる標高帯への生態学的適応に関する研究	ヤクシマ ノ ニホンザル ノ コトナル ヒョウコウタイ エ ノ セイタイガクテキ テキオウ ニ カンスル ケンキュウ			半谷, 吾郎	京都大学 (Kyoto University)		2002-03-25	2002-03-25		京都大学 , 博士(理学) , Doctor of Science				400							10.14989/doctor.k9374							ECOLOGICAL ADAPTATIONS OF JAPANESE MACAQUES IN YAKUSHIMA INTO VARIOUS ALTITUDINAL ZONES		D_Hanya_Goro.pdf , yrigk02509.pdf		eng																	学術機関リポジトリデータベース（IRDB）（機関リポジトリ）	http://hdl.handle.net/2433/86471	博士論文	デジタル
R000000025-I012210000159940	屋久島の野生ニホンザルのオスの生活史と社会構造	屋久島の野生ニホンザルのオスの生活史と社会構造			Suzuki, Shigeru	京都大学 (Kyoto University)		1997-03-24	1997-03-24		京都大学 , 博士(理学) , Doctor of Science				400														Male life history and social structure of wild Japanese macaques in Yakushima, Japan.				eng					http://repository.kulib.kyoto-u.ac.jp/dspace/bitstream/2433/202456/1/yrigk01831.pdf												学術機関リポジトリデータベース（IRDB）（機関リポジトリ）	http://hdl.handle.net/2433/202456	博士論文	デジタル
R000000025-I012210000159946	屋久島・照葉樹林における動物散布植物の生態学的研究	屋久島・照葉樹林における動物散布植物の生態学的研究			野間, 直彦	京都大学 (Kyoto University)		1997-03-24	1997-03-24		京都大学 , 博士(理学) , Doctor of Science				400																		jpn					http://repository.kulib.kyoto-u.ac.jp/dspace/bitstream/2433/202462/1/yrigk01838.pdf												学術機関リポジトリデータベース（IRDB）（機関リポジトリ）	http://hdl.handle.net/2433/202462	博士論文	デジタル
R100000039-I12890022	The digesta particle size of Japanese macaques in Yakushima : variation, determinants and its potential influence on digestion	The digesta particle size of Japanese macaques in Yakushima : variation, determinants and its potential influence on digestion			He, Tianmeng	He, Tianmeng		2022	2022		京都大学 , 博士(理学)												info:ndljp/pid/12890022						屋久島におけるニホンザルの消化物粒子径 : 変動パターン, 決定要因および消化への潜在的影響	2023-06-12T15:28:03+09:00			eng															博士論文（送信）		国立国会図書館デジタルコレクション	https://dl.ndl.go.jp/pid/12890022	博士論文	デジタル
R100000039-I12319583	Geographical and seasonal variation of plant composition detected in feces of Cervus nippon yakushimae using plant DNA analysis, in Yakushima Island, Japan	Geographical and seasonal variation of plant composition detected in feces of Cervus nippon yakushimae using plant DNA analysis, in Yakushima Island, Japan			東, 悠斗			2022-06-30	2022-06-30		九州大学 , 博士（理学）												info:ndljp/pid/12319583						屋久島においてDNA分析を用いてヤクシカの糞便から検出された植物分類群の地域的・季節的変動	2022-09-05T13:46:15+09:00	2023-06-02 再収集 , 2023-09-01 再収集		eng									http://hdl.handle.net/2324/4795532						博士論文（自動収集）		国立国会図書館デジタルコレクション	https://dl.ndl.go.jp/pid/12319583	博士論文	デジタル
R100000039-I11339072	Differentiation of the vegetation-soil system through the interactions of soil N and P availabilities along an elevational gradient on Yakushima Island, Japan	Differentiation of the vegetation-soil system through the interactions of soil N and P availabilities along an elevational gradient on Yakushima Island, Japan			向井, 真那	向井, 真那		2019	2019		京都大学 , 博士(農学)												info:ndljp/pid/11339072						屋久島における標高傾度に沿った土壌窒素・リン可給性の相互作用を介した土壌-植生系の分化	2019-08-09T21:10:51+09:00			eng															博士論文（送信）		国立国会図書館デジタルコレクション	https://dl.ndl.go.jp/pid/11339072	博士論文	デジタル
R100000002-I024845961	Dendroecological analysis of long-term forest dynamics of old-growth Cryptomeria japonica forest on Yakushima Island	Dendroecological analysis of long-term forest dynamics of old-growth Cryptomeria japonica forest on Yakushima Island			Shizu Itaka [著]	[Shizu Itaka]	JP	[2013]	2013		九州大学 , 博士(農学)		1冊			UT51			UT51-2013-E880	024845961	024845961								年輪生態学的手法を用いた屋久島におけるスギ老齢林の長期森林動態の解明			博士論文	eng																国立国会図書館	国立国会図書館蔵書	https://ndlsearch.ndl.go.jp/books/R100000002-I024845961	博士論文	紙
R100000039-I11238660	Feeding competition in Japanese macaques in Yakushima : effects of intergroup hostility and group size	Feeding competition in Japanese macaques in Yakushima : effects of intergroup hostility and group size			栗原, 洋介	栗原, 洋介		2017	2017		京都大学 , 博士(理学)												info:ndljp/pid/11238660						屋久島のニホンザルにおける採食競合 : 群間関係および群れサイズの影響	2019-01-30T20:26:27+09:00			eng															博士論文（送信）		国立国会図書館デジタルコレクション	https://dl.ndl.go.jp/pid/11238660	博士論文	デジタル
R100000039-I13119371	Feeding competition in Japanese macaques in Yakushima: effects of intergroup hostility and group size	Feeding competition in Japanese macaques in Yakushima: effects of intergroup hostility and group size			Kurihara, Yosuke	京都大学 (Kyoto University)		2017-03-23	2017-03-23		京都大学 , 博士(理学) , Doctor of Science				400		socioecology , feeding ecology , group size , food patch use , energy balance					10.14989/doctor.k20217 , 10.14989/doctor.k20217	info:ndljp/pid/13119371						屋久島のニホンザルにおける採食競合：群間関係および群れサイズの影響	2023-12-05T21:40:56+09:00			eng									http://dx.doi.org/10.14989/doctor.k20217 , http://hdl.handle.net/2433/225442						博士論文（自動収集）		国立国会図書館デジタルコレクション	https://dl.ndl.go.jp/pid/13119371	博士論文	デジタル
R100000039-I11150746	Community-based tourism in national parks in developed and developing countries: Comparative study of Yakushima National Parks, Japan and Gashaka-Gumti National Park, Nigeria	Community-based tourism in national parks in developed and developing countries: Comparative study of Yakushima National Parks, Japan and Gashaka-Gumti National Park, Nigeria			Adewumi, Ifeoluwa Bolanle			2017-09-06	2017-09-06		広島大学(Hiroshima University) , 博士(学術)												info:ndljp/pid/11150746						先進国および発展途上国の国立公園におけるコミュニティ主体の観光 : 日本の屋久島国立公園とナイジェリアのガシャカ・グムティ国立公園の比較研究	2018-09-03T21:27:21+09:00			eng									https://ir.lib.hiroshima-u.ac.jp/00044589						博士論文（自動収集）		国立国会図書館デジタルコレクション	https://dl.ndl.go.jp/pid/11150746	博士論文	デジタル
R100000002-I000008285038	Colour dimorphism in Elaphe quadrivirgata (Serpentes:Colubridae) on Yakushima Island, with special reference to its thermal biology	Colour dimorphism in Elaphe quadrivirgata (Serpentes:Colubridae) on Yakushima Island, with special reference to its thermal biology			Koji Tanaka [著]	[Koji Tanaka]	JP	2006	2006		京都大学 , 博士 (理学)		1冊			UT51			UT51-2006-J143	000008285038	000008285038								屋久島におけるシマヘビの色彩二型、特に温度生物学に関する論及			博士論文	eng																国立国会図書館	国立国会図書館蔵書	https://ndlsearch.ndl.go.jp/books/R100000002-I000008285038	博士論文	紙
R100000002-I000004197467	Molecular ecology of the Japanese macaques (Macaca fuscata yakui) : Sexual behavior and paternity in wild Yakushima troops	Molecular ecology of the Japanese macaques (Macaca fuscata yakui) : Sexual behavior and paternity in wild Yakushima troops			早川祥子 [著]	[早川祥子]	JP	[2003]	2003		京都大学 , 博士 (理学)		1冊			UT51			UT51-2003-H449	000004197467	000004197467								ニホンザルの分子生態学 : 屋久島の野生群における性行動と父性			博士論文	eng																国立国会図書館	国立国会図書館蔵書	https://ndlsearch.ndl.go.jp/books/R100000002-I000004197467	博士論文	紙
R100000002-I000003537791	Ecological adaptations of Japanese macaques in Yakushima into various altitudinal zones	Ecological adaptations of Japanese macaques in Yakushima into various altitudinal zones			半谷吾郎 [著]	[半谷吾郎]	JP	2001	2001		京都大学 , 博士 (理学)		1冊			UT51			UT51-2002-G132	000003537791	000003537791								屋久島のニホンザルの異なる標高帯への生態学的適応に関する研究			博士論文	eng																国立国会図書館	国立国会図書館蔵書	https://ndlsearch.ndl.go.jp/books/R100000002-I000003537791	博士論文	紙
R100000002-I000000356109	A Study on the forest recreation	A Study on the forest recreation			馬場裕典 [著]		JP				鹿児島大学 , 博士 (農学)					UT51			UT51-2000-J907	000000356109	000000356109	10.11501/3170918	info:ndljp/pid/3170918						森林リクリエーションに関する研究			博士論文																	国立国会図書館	国立国会図書館蔵書	https://ndlsearch.ndl.go.jp/books/R100000002-I000000356109	博士論文	紙
R100000002-I000000335861	絶滅危惧種ヤクタネゴヨウの保全に関する研究	ゼツメツ キグシュ ヤクタネゴヨウ ノ ホゼン ニ カンスル ケンキュウ			金谷整一 [著]		JP				九州大学 , 博士(農学)					UT51			UT51-99-J240	000000335861	000000335861	10.11501/3150669	info:ndljp/pid/3150669									博士論文																	国立国会図書館	国立国会図書館蔵書	https://ndlsearch.ndl.go.jp/books/R100000002-I000000335861	博士論文	紙
R100000002-I000000308481	Male lifehistory and social structure of wild Japanese macaques in Yakushima, Japan	Male lifehistory and social structure of wild Japanese macaques in Yakushima, Japan			鈴木滋 [著]		JP				京都大学 , 博士 (理学)					UT51			UT51-97-H80	000000308481	000000308481	10.11501/3123291	info:ndljp/pid/3123291						屋久島の野生ニホンザルのオスの生活史と社会構造			博士論文																	国立国会図書館	国立国会図書館蔵書	https://ndlsearch.ndl.go.jp/books/R100000002-I000000308481	博士論文	紙
R100000002-I000007498360	Ecological studies of Macaca fuscata yakui in Yakushima Island, Japan	Ecological studies of Macaca fuscata yakui in Yakushima Island, Japan			丸橋珠樹 [著]		JP				京都大学 , 理学博士		冊			UT51			UT51-57-E137	000007498360	000007498360								屋久島に生息するニホンザル自然群の生態学的研究			博士論文																	国立国会図書館	国立国会図書館蔵書	https://ndlsearch.ndl.go.jp/books/R100000002-I000007498360	博士論文	紙
R100000002-I000000245598	Reproductive biology and female mate choice in wild Japanese macaques	Reproductive biology and female mate choice in wild Japanese macaques			岡安直比 [著]		JP				京都大学 , 理学博士					UT51 , UT21			UT51-92-B110	000000245598	000000245598	10.11501/3086407	info:ndljp/pid/3086407						野生ニホンザル群におけるメスの性行動と配偶者選択			博士論文																	国立国会図書館	国立国会図書館蔵書	https://ndlsearch.ndl.go.jp/books/R100000002-I000000245598	博士論文	紙
R100000002-I000000280190	Feeding ecology of Yakushima macaques (Macaca fuscata yakui) in warm-temperate forest of Yakushima Island, Japan	Feeding ecology of Yakushima macaques (Macaca fuscata yakui) in warm-temperate forest of Yakushima Island, Japan			揚妻直樹 [著]		JP				京都大学 , 博士 (理学)					UT51			UT51-95-B191	000000280190	000000280190	10.11501/3099046	info:ndljp/pid/3099046						照葉樹林に生息するヤクシマザルの採食生態			博士論文																	国立国会図書館	国立国会図書館蔵書	https://ndlsearch.ndl.go.jp/books/R100000002-I000000280190	博士論文	紙
R100000002-I000000403128	本邦産サワガニ類の分類と生態に関する研究	ホンポウサン サワガニルイ ノ ブンルイ ト セイタイ ニ カンスル ケンキュウ			岡野智和 [著]	[岡野智和]	JP	2001	2001		鹿児島大学 , 博士 (学術)		1冊			UT51			UT51-2001-H115	000000403128	000000403128	10.11501/3184784	info:ndljp/pid/3184784						Studies on the taxonomy and ecology of Japanese potamid crabs			博士論文	jpn																国立国会図書館	国立国会図書館蔵書	https://ndlsearch.ndl.go.jp/books/R100000002-I000000403128	博士論文	紙
R100000002-I000000186211	Pollination systems of animal-pollinated plants in the climax vegetations	Pollination systems of animal-pollinated plants in the climax vegetations			湯本貴和 [著]		JP				京都大学 , 理学博士					UT51 , UT21			UT51-62-S347	000000186211	000000186211	10.11501/13036506	info:ndljp/pid/13036506						極相植生における動物媒花植物の受粉様式に関する研究			博士論文																	国立国会図書館	国立国会図書館蔵書	https://ndlsearch.ndl.go.jp/books/R100000002-I000000186211	博士論文	紙
R100000002-I000000313258	ヤクスギ材抽出成分の特徴とその生物活性に関する研究	ヤクスギザイ チュウシュツ セイブン ノ トクチョウ ト ソノ セイブツ カッセイ ニ カンスル ケンキュウ			森田慎一 [著]		JP				東京大学 , 博士 (農学)					UT51			UT51-97-R401	000000313258	000000313258	10.11501/3128067	info:ndljp/pid/3128067									博士論文																	国立国会図書館	国立国会図書館蔵書	https://ndlsearch.ndl.go.jp/books/R100000002-I000000313258	博士論文	紙
R100000002-I000000305446	キムラグモ固体群の固体群生態学的保護に関する研究 : 動物固体群の保護に関する環境科学的考察への導入	キムラグモ コタイグン ノ コタイグン セイタイガクテキ ホゴ ニ カンスル ケンキュウ : ドウブツ コタイグン ノ ホゴ ニ カンスル カンキョウ カガクテキ コウサツ エ ノ ドウニュウ			菊屋奈良義 [著]		JP				横浜国立大学 , 博士 (工学)					UT51			UT51-97-B234	000000305446	000000305446	10.11501/3120256	info:ndljp/pid/3120256									博士論文																	国立国会図書館	国立国会図書館蔵書	https://ndlsearch.ndl.go.jp/books/R100000002-I000000305446	博士論文	紙
R100000002-I000000202744	Floristic and geobotanical studies on the island of Yakusima, province Osumi	Floristic and geobotanical studies on the island of Yakusima, province Osumi			正宗嚴敬 [著]		JP				東京帝国大学 , 理学博士		冊			UT51 , UT21			UT51-59-N972	000000202744	000000202744								大隅屋久島の植物区系的地理学的研究			博士論文																	国立国会図書館	国立国会図書館蔵書	https://ndlsearch.ndl.go.jp/books/R100000002-I000000202744	博士論文	紙
R000000025-I013720005832797	先進国および発展途上国の国立公園におけるコミュニティ主体の観光 : 日本の屋久島国立公園とナイジェリアのガシャカ・グムティ国立公園の比較研究	先進国および発展途上国の国立公園におけるコミュニティ主体の観光 : 日本の屋久島国立公園とナイジェリアのガシャカ・グムティ国立公園の比較研究			Adewumi, Ifeoluwa Bolanle						広島大学 , 博士(学術) , Doctor of Philosophy																		Community-based tourism in national parks in developed and developing countries: Comparative study of Yakushima National Parks, Japan and Gashaka-Gumti National Park, Nigeria		http://ir.lib.hiroshima-u.ac.jp/44589/files/31792 , http://ir.lib.hiroshima-u.ac.jp/44589/files/31793 , http://ir.lib.hiroshima-u.ac.jp/44589/files/31794		eng																	学術機関リポジトリデータベース（IRDB）（機関リポジトリ）	http://ir.lib.hiroshima-u.ac.jp/00044589	博士論文	デジタル
R000000025-I013720000957867	Community-based tourism in national parks in developed and developing countries: Comparative study of Yakushima National Parks, Japan and Gashaka-Gumti National Park, Nigeria	Community-based tourism in national parks in developed and developing countries: Comparative study of Yakushima National Parks, Japan and Gashaka-Gumti National Park, Nigeria			Adewumi, Ifeoluwa Bolanle						広島大学(Hiroshima University) , 博士(学術)																		先進国および発展途上国の国立公園におけるコミュニティ主体の観光 : 日本の屋久島国立公園とナイジェリアのガシャカ・グムティ国立公園の比較研究		https://ir.lib.hiroshima-u.ac.jp/files/public/4/44589/20171221104009800388/k7359_1.pdf , https://ir.lib.hiroshima-u.ac.jp/files/public/4/44589/20171221104013306034/k7359_2.pdf , https://ir.lib.hiroshima-u.ac.jp/files/public/4/44589/20180801131941478237/k7359_3.pdf	type:text	eng																	学術機関リポジトリデータベース（IRDB）（機関リポジトリ）	https://ir.lib.hiroshima-u.ac.jp/00044589	博士論文	デジタル
