しれとこだけ,,,,
知床岳,北海道,知床・阿寒,1254m,44度14分09秒
145度16分26秒,知床岬,,,
いおうざん,,,,
硫黄山,北海道,知床・阿寒,1562m,44度08分00秒
145度09分41秒,硫黄山,,,
ちえんべつだけ,,,,
知円別岳,北海道,知床・阿寒,1544m,44度07分29秒
145度10分07秒,標高点,,,
さしるいだけ,,,,
サシルイ岳,北海道,知床・阿寒,1564m,44度05分43秒
145度08分37秒,標高点,,,
らうすだけ,,,,
羅臼岳,北海道,知床・阿寒,1661m,44度04分33秒
145度07分20秒,測定点,Ｈ26三角点標高改定,,
おんねべつだけ,,,,
遠音別岳,北海道,知床・阿寒,1330m,43度59分36秒
145度00分48秒,遠音別岳,Ｈ20三角点標高改定,,
うなべつだけ,,,,
海別岳,北海道,知床・阿寒,1419m,43度52分37秒
144度52分36秒,海別岳,,,
しゃりだけ,,,,
斜里岳,北海道,知床・阿寒,1547m,43度45分56秒
144度43分04秒,標高点,,,
しべつだけ,,,,
標津岳,北海道,知床・阿寒,1061m,43度40分05秒
144度42分18秒,標高点,,,
もことやま,,,,
藻琴山,北海道,知床・阿寒,1000m,43度42分16秒
144度19分52秒,藻琴山,,,
あとさぬぷり（いおうざん）,,,,
アトサヌプリ（硫黄山）,北海道,知床・阿寒,508m,43度36分37秒
144度26分19秒,標高点,Ｈ13地形図改測に伴う標高改定,,
かむいぬぷり（ましゅうだけ）,,,,
カムイヌプリ（摩周岳）,北海道,知床・阿寒,857m,43度34分20秒
144度33分39秒,標高点,,,
おあかんだけ,,,,
雄阿寒岳,北海道,知床・阿寒,1370m,43度27分15秒
144度09分53秒,雄阿寒岳,,,
めあかんだけ,,,,
雌阿寒岳,北海道,知床・阿寒,1499m,43度23分11秒
144度00分31秒,標高点,,,
めあかんだけ<あかんふじ>,,,,
雌阿寒岳<阿寒富士>,北海道,知床・阿寒,1476m,43度22分27秒
144度00分23秒,阿寒富士,,,
うこたきぬぷり,,,,
ウコタキヌプリ,北海道,白糠丘陵,747m,43度12分30秒
143度47分51秒,標高点,,,
れぶんだけ,,,,
礼文岳,北海道,礼文・利尻,490m,45度22分21秒
141度00分57秒,礼文岳,,,
りしりざん（りしりふじ）,,,,
利尻山（利尻富士）,北海道,礼文・利尻,1721m,45度10分43秒
141度14分31秒,標高点,,,
ぽろしりやま,,,,
幌尻山,北海道,宗谷丘陵,427m,45度09分56秒
142度00分31秒,幌尻山,,,
ぱんけざん,,,,
パンケ山,北海道,宗谷丘陵,632m,44度51分25秒
142度08分59秒,下沢岳,,,
ぽろぬぷりざん,,,,
ポロヌプリ山,北海道,北見山地,841m,44度57分42秒
142度25分13秒,標高点,,,
びんねしりだけ,,,,
敏音知岳,北海道,北見山地,703m,44度53分35秒
142度14分04秒,浜峰尻,,,
はこだけ,,,,
函岳,北海道,北見山地,1129m,44度39分57秒
142度24分44秒,函岳,,,
ぴやしりやま,,,,
ピヤシリ山,北海道,北見山地,987m,44度26分01秒
142度35分03秒,飛鏃岳,,,
うつだけ,,,,
欝岳,北海道,北見山地,818m,44度17分30秒
143度04分57秒,欝岳,,,
うぇんしりだけ,,,,
ウェンシリ岳,北海道,北見山地,1142m,44度13分44秒
142度52分35秒,察来岳,,,
しょこつだけ,,,,
渚滑岳,北海道,北見山地,1345m,44度02分25秒
142度55分03秒,渚滑岳,,,
てしおだけ,,,,
天塩岳,北海道,北見山地,1558m,43度57分52秒
142度53分17秒,天塩岳,,,
ちとかにうしやま,,,,
チトカニウシ山,北海道,北見山地,1446m,43度54分24秒
143度02分55秒,千登蟹山,,,
にころやま,,,,
仁頃山,北海道,北見山地,829m,43度52分42秒
143度43分06秒,似頃山,,,
にせいかうしゅっぺやま,,,,
ニセイカウシュッペ山,北海道,石狩山地,1883m,43度46分48秒
142度59分07秒,標高点,ニセイカウシュペ山,,
むりいだけ,,,,
武利岳,北海道,石狩山地,1876m,43度43分59秒
143度10分35秒,無類山,,,
むかやま,,,,
武華山,北海道,石狩山地,1759m,43度42分21秒
143度09分38秒,大山,,,
きたみふじ,,,,
北見富士,北海道,石狩山地,1291m,43度41分37秒
143度17分45秒,三角山,,,
たいせつざん<あさひだけ>,,,,
大雪山<旭岳>,北海道,石狩山地,2291m,43度39分49秒
142度51分15秒,瓊多窟,Ｈ20三角点標高改定,,
たいせつざん<くろだけ>,,,,
大雪山<黒岳>,北海道,石狩山地,1984m,43度41分51秒
142度55分13秒,温泉岳,,,
たいせつざん<ほくちんだけ>,,,,
大雪山<北鎮岳>,北海道,石狩山地,2244m,43度41分34秒
142度52分47秒,標高点,,,
たいせつざん<あいべつだけ>,,,,
大雪山<愛別岳>,北海道,石狩山地,2113m,43度42分28秒
142度51分26秒,三方崩,Ｈ20三角点標高改定,,
たいせつざん<はくうんだけ>,,,,
大雪山<白雲岳>,北海道,石狩山地,2230m,43度39分40秒
142度54分21秒,大石狩岳,,,
ちゅうべつだけ,,,,
忠別岳,北海道,石狩山地,1963m,43度35分28秒
142度53分40秒,忠別岳,,,
とむらうしやま,,,,
トムラウシ山,北海道,石狩山地,2141m,43度31分38秒
142度50分56秒,富良牛山,,,
おぷたてしけやま,,,,
オプタテシケ山,北海道,石狩山地,2013m,43度28分13秒
142度45分06秒,美瑛岳,Ｈ26三角点標高改定,,
びえいだけ,,,,
美瑛岳,北海道,石狩山地,2052m,43度26分24秒
142度42分24秒,おびだてしけ,,,
とかちだけ,,,,
十勝岳,北海道,石狩山地,2077m,43度25分04秒
142度41分11秒,標高点,,,
かみほろかめっとくやま,,,,
上ホロカメットク山,北海道,石狩山地,1920m,43度24分18秒
142度40分18秒,標高点,,,
ふらのだけ,,,,
富良野岳,北海道,石狩山地,1912m,43度23分37秒
142度38分06秒,神女徳岳,,,
みくにやま,,,,
三国山,北海道,石狩山地,1541m,43度35分43秒
143度08分47秒,三国嶺,,,
いしかりだけ,,,,
石狩岳,北海道,石狩山地,1967m,43度32分48秒
143度01分20秒,標高点,,,
おとふけやま,,,,
音更山,北海道,石狩山地,1932m,43度33分42秒
143度02分07秒,音更山,,,
にぺそつやま,,,,
ニペソツ山,北海道,石狩山地,2013m,43度27分21秒
143度01分56秒,標高点,,,
うぺぺさんけやま,,,,
ウペペサンケ山,北海道,石狩山地,1848m,43度23分22秒
143度04分55秒,標高点,,,
ひがしぬぷかうしぬぷり,,,,
東ヌプカウシヌプリ,北海道,石狩山地,1252m,43度14分45秒
143度06分08秒,奴深牛,,,
さほろだけ,,,,
佐幌岳,北海道,石狩山地,1060m,43度10分24秒
142度46分52秒,佐織岳,Ｈ20三角点標高改定,,
にしくまねしりだけ,,,,
西クマネシリ岳,北海道,石狩山地,1635m,43度31分09秒
143度14分00秒,標高点,,,
ひがしみくにやま,,,,
東三国山,北海道,石狩山地,1230m,43度30分30秒
143度27分49秒,幌加美里,,,
きとうしやま,,,,
喜登牛山,北海道,石狩山地,1312m,43度26分52秒
143度27分23秒,鬼頭牛山,,,
ぴっしりざん,,,,
ピッシリ山,北海道,天塩山地,1032m,44度21分20秒
142度01分55秒,比後岳,,,
さんとうさん,,,,
三頭山,北海道,天塩山地,1009m,44度05分30秒
142度05分09秒,三頭山,,,
ぽろしりやま,,,,
ポロシリ山,北海道,天塩山地,730m,43度57分45秒
141度50分10秒,翁居岳,Ｈ20三角点標高改定,,
しょかんべつだけ,,,,
暑寒別岳,北海道,増毛山地,1492m,43度42分57秒
141度31分23秒,暑寒岳,Ｈ20三角点標高改定,,
くんべつだけ,,,,
群別岳,北海道,増毛山地,1376m,43度41分05秒
141度29分16秒,群別岳,山名（よみ）訂正,,
ぴんねしり,,,,
ピンネシリ,北海道,増毛山地,1100m,43度29分31秒
141度42分24秒,賓根知山,,,
いるむけっぷやま,,,,
イルムケップ山,北海道,夕張山地,864m,43度37分45秒
142度06分37秒,三又山,Ｈ20三角点標高改定,,
ふらのにしだけ,,,,
富良野西岳,北海道,夕張山地,1331m,43度18分33秒
142度18分42秒,下富良野,,,
あしべつだけ,,,,
芦別岳,北海道,夕張山地,1726m,43度14分09秒
142度17分01秒,礼振岳,,,
いくしゅんべつだけ,,,,
幾春別岳,北海道,夕張山地,1068m,43度13分37秒
142度09分34秒,標高点,,,
ゆうばりだけ,,,,
夕張岳,北海道,夕張山地,1668m,43度05分59秒
142度15分04秒,夕張岳,,,
はったおまないだけ,,,,
ハッタオマナイ岳,北海道,夕張山地,1021m,42度50分49秒
142度18分47秒,辺富内,,,
とまむさん,,,,
トマム山,北海道,日高山脈,1239m,43度04分43秒
142度35分46秒,苫鵡山,,,
めむろだけ,,,,
芽室岳,北海道,日高山脈,1754m,42度52分08秒
142度47分07秒,芽室岳,,,
つるぎやま,,,,
剣山,北海道,日高山脈,1205m,42度50分55秒
142度53分06秒,江遠念,,,
ちろろだけ,,,,
チロロ岳,北海道,日高山脈,1880m,42度49分32秒
142度40分31秒,千呂露岳,,,
ぴぱいろだけ,,,,
ピパイロ岳,北海道,日高山脈,1916m,42度46分23秒
142度43分39秒,戸蔦別岳,Ｈ26三角点標高改定,,
とったべつだけ,,,,
戸蔦別岳,北海道,日高山脈,1959m,42度44分19秒
142度41分42秒,標高点,,,
ぽろしりだけ,,,,
幌尻岳,北海道,日高山脈,2052m,42度43分10秒
142度40分58秒,幌尻,Ｈ26三角点標高改定,,
えさおまんとったべつだけ,,,,
エサオマントッタベツ岳,北海道,日高山脈,1902m,42度41分21秒
142度45分28秒,標高点,,,
さつないだけ,,,,
札内岳,北海道,日高山脈,1895m,42度41分38秒
142度47分48秒,札内岳,Ｈ26三角点標高改定,,
とかちぽろしりだけ,,,,
十勝幌尻岳,北海道,日高山脈,1846m,42度41分44秒
142度51分34秒,幌後岳,十勝ポロシリ岳,,
いどんなっぷだけ,,,,
イドンナップ岳,北海道,日高山脈,1752m,42度37分49秒
142度38分55秒,標高点,,,
かむいえくうちかうしやま,,,,
カムイエクウチカウシ山,北海道,日高山脈,1979m,42度37分30秒
142度45分59秒,札内岳,Ｈ26三角点標高改定,,
いっぱさんきゅうほう,,,,
１８３９峰,北海道,日高山脈,1842m,42度32分22秒
142度48分29秒,標高点,,,
ぺてがりだけ,,,,
ペテガリ岳,北海道,日高山脈,1736m,42度29分58秒
142度52分16秒,辺天狩岳,,,
なかのだけ,,,,
中ノ岳,北海道,日高山脈,1519m,42度28分05秒
142度53分04秒,標高点,,,
かむいだけ,,,,
神威岳,北海道,日高山脈,1600m,42度25分42秒
142度54分25秒,神居奴振,,,
ぴりかぬぷり,,,,
ピリカヌプリ,北海道,日高山脈,1631m,42度24分08秒
142度58分00秒,奴振,,,
らっこだけ,,,,
楽古岳,北海道,日高山脈,1471m,42度16分21秒
143度06分40秒,面射岳,Ｈ20三角点標高改定,,
とよにだけ,,,,
豊似岳,北海道,日高山脈,1105m,42度04分37秒
143度13分59秒,豊似山１,,,
あぽいだけ,,,,
アポイ岳,北海道,日高山脈,810m,42度06分28秒
143度01分32秒,冬島,Ｈ20三角点標高改定,,
もいわやま,,,,
藻岩山,北海道,支笏・洞爺・積丹,531m,43度01分21秒
141度19分20秒,藻岩山,,,
ていねやま,,,,
手稲山,北海道,支笏・洞爺・積丹,1023m,43度04分36秒
141度11分33秒,手稲山,Ｈ20三角点標高改定,,
よいちだけ,,,,
余市岳,北海道,支笏・洞爺・積丹,1488m,43度01分58秒
141度01分11秒,余市岳,,,
ぽんくとさん,,,,
本倶登山,北海道,支笏・洞爺・積丹,1009m,42度57分19秒
140度54分45秒,本倶登山,,,
むいねやま,,,,
無意根山,北海道,支笏・洞爺・積丹,1464m,42度55分51秒
141度02分26秒,標高点,,,
さっぽろだけ,,,,
札幌岳,北海道,支笏・洞爺・積丹,1293m,42度54分01秒
141度12分02秒,札幌岳,,,
そらぬまだけ,,,,
空沼岳,北海道,支笏・洞爺・積丹,1251m,42度51分54秒
141度15分13秒,標高点,,,
えにわだけ,,,,
恵庭岳,北海道,支笏・洞爺・積丹,1320m,42度47分36秒
141度17分07秒,恵庭岳,,,
ふっぷしだけ,,,,
風不死岳,北海道,支笏・洞爺・積丹,1102m,42度43分01秒
141度21分32秒,風不止,Ｈ20三角点標高改定,,
たるまえさん,,,,
樽前山,北海道,支笏・洞爺・積丹,1041m,42度41分26秒
141度22分36秒,標高点,,,
ほろほろやま,,,,
ホロホロ山,北海道,支笏・洞爺・積丹,1322m,42度38分01秒
141度08分33秒,徳心別山,,,
よべつだけ,,,,
余別岳,北海道,支笏・洞爺・積丹,1298m,43度15分36秒
140度27分33秒,余別岳,,,
てんぐだけ,,,,
天狗岳,北海道,支笏・洞爺・積丹,872m,43度11分05秒
140度39分39秒,天狗岳,,,
らいでんやま,,,,
雷電山,北海道,支笏・洞爺・積丹,1211m,42度54分13秒
140度28分11秒,雷電岳,Ｈ20三角点標高改定,,
めくんないだけ,,,,
目国内岳,北海道,支笏・洞爺・積丹,1220m,42度53分59秒
140度30分55秒,標高点,,,
にせこあんぬぷり,,,,
ニセコアンヌプリ,北海道,支笏・洞爺・積丹,1308m,42度52分30秒
140度39分32秒,似古安岳,,,
ようていざん（えぞふじ）,,,,
羊蹄山（蝦夷富士）,北海道,支笏・洞爺・積丹,1898m,42度49分36秒
140度48分41秒,標高点,後方羊蹄山（しりべしやま）　マッカリヌプリ,,
しりべつだけ,,,,
尻別岳,北海道,支笏・洞爺・積丹,1107m,42度46分21秒
140度54分37秒,後別岳,,,
ぬっきべつやま,,,,
貫気別山,北海道,支笏・洞爺・積丹,994m,42度42分36秒
140度55分22秒,風防留山,Ｈ20三角点標高改定,,
こんぶだけ,,,,
昆布岳,北海道,支笏・洞爺・積丹,1045m,42度42分37秒
140度39分20秒,昆布岳,,,
しょうわしんざん,,,,
昭和新山,北海道,支笏・洞爺・積丹,398m,42度32分33秒
140度51分52秒,標高点,,,
うすざん<おおうす>,,,,
有珠山<大有珠>,北海道,支笏・洞爺・積丹,733m,42度32分38秒
140度50分21秒,標高点,,,
ほろづきやま,,,,
母衣月山,北海道,渡島半島,504m,42度46分12秒
140度12分54秒,幌月山,Ｈ20三角点標高改定,,
おおびらやま,,,,
大平山,北海道,渡島半島,1191m,42度38分09秒
140度08分08秒,大平山,,,
かりばやま,,,,
狩場山,北海道,渡島半島,1520m,42度36分48秒
139度56分26秒,狩場岳,,,
けなしやま,,,,
毛無山,北海道,渡島半島,816m,42度17分43秒
139度48分38秒,標高点,,,
ゆうらっぷだけ（けんいちだけ）,,,,
遊楽部岳（見市岳）,北海道,渡島半島,1277m,42度13分09秒
140度00分38秒,標高点,,,
おとべだけ,,,,
乙部岳,北海道,渡島半島,1017m,42度02分22秒
140度16分29秒,乙部岳,,,
こまがたけ<けんがみね>,,,,
駒ヶ岳<剣ヶ峯>,北海道,渡島半島,1131m,42度03分48秒
140度40分38秒,標高点,,,
よこつだけ,,,,
横津岳,北海道,渡島半島,1167m,41度56分16秒
140度46分17秒,標高点,,,
えさん,,,,
恵山,北海道,渡島半島,618m,41度48分17秒
141度09分58秒,恵山,,,
はこだてやま,,,,
函館山,北海道,渡島半島,334m,41度45分32秒
140度42分15秒,標高点,,,
はちまんだけ,,,,
八幡岳,北海道,渡島半島,665m,41度51分07秒
140度13分48秒,八幡岳,Ｈ20三角点標高改定,,
かつらだけ,,,,
桂岳,北海道,渡島半島,734m,41度47分21秒
140度27分52秒,桂岳,,,
ななつだけ,,,,
七ッ岳,北海道,渡島半島,957m,41度37分27秒
140度12分51秒,七ツ岳,,,
だいせんげんだけ,,,,
大千軒岳,北海道,渡島半島,1072m,41度34分46秒
140度09分39秒,千軒岳,,,
いわべだけ,,,,
岩部岳,北海道,渡島半島,794m,41度31分38秒
140度18分39秒,岩部岳,,,
かむいやま,,,,
神威山,北海道,奥尻島,584m,42度09分37秒
139度26分34秒,標高点,,,
えらだけ,,,,
江良岳,北海道,渡島大島,732m,41度30分36秒
139度22分02秒,大島,,,
ひうちだけ,,,,
燧岳,青森県,下北半島,781m,41度26分21秒
141度03分11秒,燧岳,,,
かまふせやま,,,,
釜臥山,青森県,下北半島（恐山山地）,878m,41度16分43秒
141度07分12秒,釜臥山,Ｈ22三角点標高改定,,
くわはたやま,,,,
桑畑山,青森県,下北半島,400m,41度23分15秒
141度26分27秒,尻屋山,,,
ふっこしえぼし,,,,
吹越烏帽子,青森県,下北半島,508m,41度02分15秒
141度19分02秒,吹越山,,,
まるやがただけ,,,,
丸屋形岳,青森県,津軽半島,718m,41度09分10秒
140度35分12秒,丸山,,,
よつだきやま,,,,
四ッ滝山,青森県,津軽半島,670m,41度07分18秒
140度24分02秒,桂川岳,,,
ぼんじゅさん,,,,
梵珠山,青森県,津軽半島,468m,40度47分59秒
140度34分32秒,梵珠山,,,
はしかみだけ（たねいちだけ）,,,,
階上岳（種市岳）,青森県 岩手県,北上高地,739m,40度24分03秒
141度35分04秒,階上岳,Ｈ22三角点標高改定,,
なくいだけ,,,,
名久井岳,青森県,北上高地,615m,40度23分17秒
141度18分30秒,名久井岳,,,
おりつめだけ,,,,
折爪岳,岩手県,北上高地,852m,40度16分08秒
141度22分28秒,折詰岳,,,
あっかもり,,,,
安家森,岩手県,北上高地,1239m,40度02分17秒
141度32分28秒,遠別岳,,,
とおしまやま,,,,
遠島山,岩手県,北上高地,1262m,40度01分14秒
141度38分39秒,遠島山,Ｈ22三角点標高改定,,
みすごだけ,,,,
三巣子岳,岩手県,北上高地,1181m,39度54分00秒
141度29分08秒,明神頭,Ｈ26三角点標高改定,,
ひめかみさん,,,,
姫神山,岩手県,北上高地,1124m,39度50分39秒
141度14分49秒,姫神岳,,,
さかいのかみだけ,,,,
堺ノ神岳,岩手県,北上高地,1319m,39度45分01秒
141度37分35秒,明神,,,
がいたかもり,,,,
害鷹森,岩手県,北上高地,1304m,39度42分42秒
141度36分16秒,野津辺,,,
あおまつばやま,,,,
青松葉山,岩手県,北上高地,1365m,39度41分51秒
141度29分01秒,青松葉山,Ｈ23三角点標高改定,,
とうげのかみやま,,,,
峠ノ神山,岩手県,北上高地,1229m,39度43分37秒
141度46分52秒,亀ケ森山,Ｈ22三角点標高改定,,
はやちねさん,,,,
早池峰山,岩手県,北上高地,1917m,39度33分31秒
141度29分19秒,標高点,,,
やくしだけ,,,,
薬師岳,岩手県,北上高地,1645m,39度31分48秒
141度29分45秒,薬師岳,,,
じゅうにしんざん,,,,
十二神山,岩手県,北上高地,731m,39度32分19秒
141度58分30秒,十二神山,,,
ろっこうしさん,,,,
六角牛山,岩手県,北上高地,1293m,39度19分06秒
141度39分01秒,六角牛山,Ｈ23三角点標高改定,,
ごようざん,,,,
五葉山,岩手県,北上高地,1351m,39度12分19秒
141度43分56秒,標高点,,,
ものみやま,,,,
物見山,岩手県,北上高地,870m,39度12分04秒
141度24分06秒,種山,Ｈ22三角点標高改定,,
ひかみさん,,,,
氷上山,岩手県,北上高地,874m,39度03分32秒
141度39分38秒,氷上山,Ｈ22三角点標高改定,,
むろねさん,,,,
室根山,岩手県,北上高地,895m,38度58分31秒
141度26分50秒,室根山,,,
とくせんじょうやま,,,,
徳仙丈山,宮城県,北上高地,710m,38度50分54秒
141度28分12秒,津谷,Ｈ23三角点標高改定,,
きんかさん,,,,
金華山,宮城県,北上高地,444m,38度17分43秒
141度34分00秒,金華山,Ｈ23三角点標高改定,,
はっこうださん<おおだけ>,,,,
八甲田山<大岳>,青森県,奥羽山脈北部（八甲田山とその周辺）,1585m,40度39分32秒
140度52分38秒,八甲田山,Ｈ22三角点標高改定,,
はっこうださん<たかだおおだけ>,,,,
八甲田山<高田大岳>,青森県,奥羽山脈北部（八甲田山とその周辺）,1559m,40度39分11秒
140度54分26秒,標高点,R2写真測量による標高改定,,
くしがみね（かみだけ）,,,,
櫛ヶ峯（上岳）,青森県,奥羽山脈北部（八甲田山とその周辺）,1517m,40度36分11秒
140度50分33秒,櫛ケ峰,Ｈ22三角点標高改定,,
へらいだけ<みつだけ>,,,,
戸来岳<三ッ岳>,青森県,奥羽山脈北部（八甲田山とその周辺）,1159m,40度27分11秒
141度00分05秒,戸来嶽,Ｈ26三角点標高改定,,
しろじやま,,,,
白地山,秋田県,奥羽山脈北部（八甲田山とその周辺）,1034m,40度26分50秒
140度47分17秒,白地山,,,
なかだけ,,,,
中岳,秋田県 岩手県,奥羽山脈北部,1024m,40度14分46秒
140度56分40秒,中岳,ちゅうだけ,,
いなにわだけ,,,,
稲庭岳,岩手県,奥羽山脈北部,1078m,40度11分55秒
141度02分46秒,稲庭岳,,,
ごのみやだけ,,,,
五ノ宮嶽,秋田県,奥羽山脈北部,1115m,40度08分45秒
140度50分45秒,五ノ宮,,,
ななしぐれやま,,,,
七時雨山,岩手県,奥羽山脈北部,1063m,40度04分09秒
141度06分20秒,標高点,,,
もりよしざん,,,,
森吉山,秋田県,奥羽山脈北部,1454m,39度58分36秒
140度32分39秒,森吉山,,,
やけやま,,,,
焼山,秋田県,奥羽山脈北部,1366m,39度57分50秒
140度45分25秒,焼山,,,
はちまんたい,,,,
八幡平,岩手県,奥羽山脈北部,1613m,39度57分28秒
140度51分15秒,八幡平,Ｈ23三角点標高改定,,
はちまんたい<ちゃうすだけ>,,,,
八幡平<茶臼岳>,岩手県,奥羽山脈北部,1578m,39度57分03秒
140度53分56秒,茶臼岳,,,
はちまんたい<もっこだけ>,,,,
八幡平<畚岳>,秋田県,奥羽山脈北部,1578m,39度56分09秒
140度51分02秒,小引岳,,,
おおふかだけ,,,,
大深岳,岩手県 秋田県,奥羽山脈北部,1541m,39度52分52秒
140度52分47秒,大深岳,Ｈ23三角点標高改定,,
いわてさん,,,,
岩手山,岩手県,奥羽山脈北部,2038m,39度51分09秒
141度00分04秒,岩手山,,,
えぼしだけ（にゅうとうざん）,,,,
烏帽子岳（乳頭山）,岩手県 秋田県,奥羽山脈北部,1478m,39度48分18秒
140度50分19秒,標高点,,,
こまがたけ<おなめだけ>,,,,
駒ヶ岳<男女岳>,秋田県,奥羽山脈北部,1637m,39度45分40秒
140度47分58秒,駒ケ岳,,,
いわきさん,,,,
岩木山,青森県,白神山地,1625m,40度39分21秒
140度18分11秒,岩木山,,,
むかいしらかみだけ,,,,
向白神岳,青森県,白神山地,1250m,40度31分26秒
140度02分44秒,標高点,,,
しらかみだけ,,,,
白神岳,青森県,白神山地,1235m,40度30分27秒
140度01分06秒,標高点,,,
ふたつもり,,,,
二ッ森,青森県 秋田県,白神山地,1086m,40度26分06秒
140度07分04秒,泊岳,Ｈ26三角点標高改定,,
こまがたけ,,,,
駒ヶ岳,秋田県,白神山地,1158m,40度24分46秒
140度15分04秒,駒ケ岳,藤里駒ヶ岳（ふじさとこまがたけ）,,
たしろだけ,,,,
田代岳,秋田県,白神山地,1178m,40度25分43秒
140度24分32秒,田代山,,,
ぼうじゅうさん,,,,
房住山,秋田県,出羽山地,409m,40度03分38秒
140度12分58秒,孫一長峰,,,
たいへいざん,,,,
太平山,秋田県,出羽山地,1170m,39度47分49秒
140度18分38秒,太平山,Ｈ26三角点標高改定,,
だいぶつだけ,,,,
大仏岳,秋田県,出羽山地,1167m,39度48分49秒
140度30分56秒,大佛岳,,,
とうこうさん,,,,
東光山,秋田県,出羽山地,594m,39度24分23秒
140度09分42秒,標高点,,,
やしおやま,,,,
八塩山,秋田県,出羽山地,713m,39度14分12秒
140度13分40秒,大八汐,,,
ちょうかいさん<しんざん>,,,,
鳥海山<新山>,山形県,出羽山地,2236m,39度05分57秒
140度02分56秒,測定点,山名（よみ）訂正,,
ひのとだけ,,,,
丁岳,秋田県 山形県,出羽山地,1146m,39度01分55秒
140度13分10秒,丁岳,,,
こしきやま<おとここしきやま>,,,,
甑山<男甑山>,山形県,出羽山地,981m,39度00分43秒
140度18分38秒,母子鬼山,,,
[かぶやま]<おかぶやま>,,,,
[加無山]<男加無山>,山形県,出羽山地,997m,39度00分34秒
140度15分37秒,加無,,,
かんぷうざん,,,,
寒風山,秋田県,男鹿半島,355m,39度56分01秒
139度52分31秒,寒風山,,,
ほんざん,,,,
本山,秋田県,男鹿半島,715m,39度54分25秒
139度45分14秒,男鹿島,,,
あずまねやま,,,,
東根山,岩手県,奥羽山脈中部,928m,39度35分15秒
141度03分35秒,東根山,,,
わがだけ,,,,
和賀岳,岩手県 秋田県,奥羽山脈中部,1439m,39度34分13秒
140度45分15秒,和賀嶽,Ｈ26三角点標高改定,,
まひるだけ,,,,
真昼岳,岩手県 秋田県,奥羽山脈中部,1059m,39度26分52秒
140度40分36秒,真昼岳,Ｈ26三角点標高改定,,
くろもり,,,,
黒森,岩手県,奥羽山脈中部,944m,39度20分54秒
140度52分06秒,和黒森山,Ｈ22三角点標高改定,,
やけいしだけ,,,,
焼石岳,岩手県,奥羽山脈中部,1547m,39度09分49秒
140度49分44秒,焼石岳,Ｈ23三角点標高改定,,
くりこまやま,,,,
栗駒山,岩手県 宮城県,奥羽山脈中部,1626m,38度57分39秒
140度47分18秒,酢川岳,須川岳（すかわだけ）　Ｈ26三角点標高改定,,
たかまつだけ,,,,
高松岳,秋田県,奥羽山脈中部,1348m,38度58分03秒
140度36分23秒,標高点,,,
とらげさん,,,,
虎毛山,秋田県,奥羽山脈中部,1433m,38度54分17秒
140度37分08秒,須金岳,,,
あらおだけ,,,,
荒雄岳,宮城県,奥羽山脈中部,984m,38度49分59秒
140度41分30秒,荒雄岳,,,
かむろさん,,,,
神室山,秋田県 山形県,奥羽山脈中部,1365m,38度54分08秒
140度29分32秒,神室山,,,
ひうちだけ,,,,
火打岳,山形県,奥羽山脈中部,1238m,38度50分25秒
140度26分55秒,火打岳,,,
もくぞうやま,,,,
杢蔵山,山形県,奥羽山脈中部,1026m,38度47分22秒
140度24分05秒,木葛岳,Ｈ21三角点標高改定,,
かむろだけ（こかぶらやま）,,,,
禿岳（小鏑山）,山形県 宮城県,奥羽山脈中部,1261m,38度48分39秒
140度35分42秒,小鏑,Ｈ23三角点標高改定,,
ののだけやま,,,,
箟岳山,宮城県,奥羽山脈南部,236m,38度33分57秒
141度10分43秒,標高点,,,
おおたかもり,,,,
大高森,宮城県,奥羽山脈南部,105m,38度20分26秒
141度09分09秒,大高森,Ｈ15三角点改測,,
おきなさん,,,,
翁山,山形県,奥羽山脈南部,1075m,38度39分03秒
140度32分41秒,翁峠,山名変更：Ｈ25関係自治体からの申請による,,
やくらいさん,,,,
やくらいさん,宮城県,奥羽山脈南部,553m,38度34分32秒
140度42分19秒,薬来山,,,
ふながたやま（ごしょざん）,,,,
船形山（御所山）,宮城県 山形県,奥羽山脈南部,1500m,38度27分20秒
140度37分12秒,舟形山,,,
いずみがたけ,,,,
泉ヶ岳,宮城県,奥羽山脈南部,1175m,38度24分43秒
140度42分32秒,測定点,,,
たいはくさん,,,,
太白山,宮城県,奥羽山脈南部,321m,38度14分06秒
140度48分08秒,生出森,,,
だいとうだけ,,,,
大東岳,宮城県,奥羽山脈南部,1365m,38度18分08秒
140度31分25秒,大東山,おおあずまだけ　Ｈ26三角点標高改定,,
ざおうざん（ざおうさん）<くまのだけ>,,,,
蔵王山<熊野岳>,山形県,奥羽山脈南部（蔵王山とその周辺）,1841m,38度08分37秒
140度26分24秒,測定点,山名変更：Ｈ30関係自治体からの申請による,,
ざおうざん（ざおうさん）<かっただけ>,,,,
蔵王山<刈田岳>,宮城県,奥羽山脈南部（蔵王山とその周辺）,1758m,38度07分40秒
140度26分53秒,刈田岳,山名変更：Ｈ30関係自治体からの申請による,,
ざおうざん（ざおうさん）<びょうぶだけ>,,,,
蔵王山<びょうぶだけ>,宮城県,奥羽山脈南部（蔵王山とその周辺）,1825m,38度05分45秒
140度28分34秒,標高点,山名変更：Ｈ30関係自治体からの申請による,,
ざおうざん（ざおうさん）<ふぼうさん（ごぜんだけ）>,,,,
蔵王山<不忘山（御前岳）>,宮城県,奥羽山脈南部（蔵王山とその周辺）,1705m,38度04分32秒
140度28分44秒,不忘山,山名変更：Ｈ30関係自治体からの申請による,,
あおそやま,,,,
青麻山,宮城県,奥羽山脈南部（蔵王山とその周辺）,799m,38度05分05秒
140度36分27秒,青麻,,,
くりこやま,,,,
栗子山,福島県 山形県,奥羽山脈南部（吾妻山とその周辺）,1217m,37度52分28秒
140度16分12秒,栗子山,,,
しのぶやま,,,,
信夫山,福島県,奥羽山脈南部（吾妻山とその周辺）,275m,37度46分15秒
140度27分42秒,測定点,,,
にしあづまやま,,,,
西吾妻山,福島県 山形県,奥羽山脈南部（吾妻山とその周辺）,2035m,37度44分18秒
140度08分27秒,標高点,,,
にしあづまやま<にしだいてん>,,,,
西吾妻山<西大巓>,山形県 福島県,奥羽山脈南部（吾妻山とその周辺）,1982m,37度44分02秒
140度07分40秒,西吾妻山,,,
にしあづまやま<ひがしだいてん>,,,,
西吾妻山<東大巓>,福島県 山形県,奥羽山脈南部（吾妻山とその周辺）,1928m,37度45分16秒
140度11分20秒,小吾妻,,,
ひがしあづまやま,,,,
東吾妻山,福島県,奥羽山脈南部（吾妻山とその周辺）,1975m,37度42分42秒
140度13分49秒,東吾妻,,,
ひがしあづまやま<いっさいきょうざん>,,,,
東吾妻山<一切経山>,福島県,奥羽山脈南部（吾妻山とその周辺）,1949m,37度44分07秒
140度14分40秒,吾妻山,,,
ひがしあづまやま<あづまこふじ>,,,,
東吾妻山<吾妻小富士>,福島県,奥羽山脈南部（吾妻山とその周辺）,1707m,37度43分20秒
140度15分49秒,標高点,,,
みのわやま,,,,
箕輪山,福島県,奥羽山脈南部（吾妻山とその周辺）,1728m,37度38分50秒
140度16分51秒,標高点,,,
あだたらやま<てつざん>,,,,
安達太良山<鉄山>,福島県,奥羽山脈南部（吾妻山とその周辺）,1709m,37度37分59秒
140度16分59秒,測定点,鉄山（くろがねやま）　Ｈ26三角点標高改定,,
あだたらやま,,,,
安達太良山,福島県,奥羽山脈南部（吾妻山とその周辺）,1700m,37度37分16秒
140度17分16秒,大関平,,,
ばんだいさん,,,,
磐梯山,福島県,奥羽山脈南部（吾妻山とその周辺）,1816m,37度36分04秒
140度04分20秒,磐梯,Ｈ22三角点再設置,,
たかだてやま,,,,
高館山　,山形県,朝日山地,273m,38度45分47秒
139度44分51秒,高舘山,Ｈ23三角点再設置,,
きんぼうざん,,,,
金峯山,山形県,朝日山地,471m,38度40分56秒
139度47分53秒,標高点,,,
はぐろさん,,,,
羽黒山,山形県,朝日山地,414m,38度42分09秒
139度58分58秒,標高点,,,
がっさん,,,,
月山,山形県,朝日山地,1984m,38度32分56秒
140度01分37秒,標高点,,,
はやま,,,,
葉山,山形県,朝日山地,1462m,38度31分45秒
140度12分38秒,葉山,,,
あつみだけ,,,,
温海岳,山形県,朝日山地,736m,38度37分12秒
139度37分51秒,温海岳,,,
まやさん,,,,
摩耶山,山形県,朝日山地,1020m,38度31分13秒
139度43分40秒,麻耶山,,,
いとうだけ,,,,
以東岳,山形県 新潟県,朝日山地,1772m,38度20分35秒
139度50分57秒,以東ケ岳,Ｈ22三角点標高改定,,
あさひだけ<おおあさひだけ>,,,,
朝日岳<大朝日岳>,山形県,朝日山地,1871m,38度15分38秒
139度55分20秒,朝日岳,Ｈ22三角点標高改定,,
いわいがめやま,,,,
祝瓶山　,山形県,朝日山地,1417m,38度11分51秒
139度52分47秒,祝瓶山,,,
わしがすやま,,,,
鷲ヶ巣山,新潟県,朝日山地,1093m,38度13分19秒
139度40分08秒,鷲ケ巣山,,,
しんぼだけ,,,,
新保岳,新潟県,朝日山地,852m,38度21分40秒
139度30分39秒,新保岳,,,
しらたかやま,,,,
白鷹山,山形県,朝日山地,994m,38度13分22秒
140度10分23秒,標高点,,,
えぶりさしだけ,,,,
えぶりさしだけ,新潟県,飯豊山地,1636m,37度56分33秒
139度36分32秒,いぶりさし,,,
きたまただけ,,,,
北股岳,新潟県 山形県,飯豊山地,2025m,37度52分48秒
139度38分19秒,梅花皮,,,
いいでさん,,,,
飯豊山,福島県,飯豊山地,2105m,37度51分17秒
139度42分26秒,飯豊山,,,
だいにちだけ,,,,
大日岳,新潟県,飯豊山地,2128m,37度49分58秒
139度39分37秒,標高点,,,
にのうじだけ,,,,
二王子岳,新潟県,飯豊山地,1420m,37度53分59秒
139度29分57秒,二王子岳,,,
ごずさん,,,,
五頭山,新潟県,飯豊山地,912m,37度48分04秒
139度20分44秒,小倉,,,
こうようざん,,,,
高陽山,福島県 新潟県,飯豊山地,1126m,37度43分45秒
139度38分59秒,高陽山,Ｈ26三角点標高改定,,
いいもりさん,,,,
飯森山,山形県 福島県,飯豊山地,1595m,37度48分50秒
139度55分32秒,飯森山,Ｈ26三角点標高改定,,
りょうぜん,,,,
霊山,福島県,阿武隈高地,825m,37度46分08秒
140度41分15秒,標高点,標高は東ノ物見を示す,,
ひやま（てんのうざん）,,,,
日山（天王山）,福島県,阿武隈高地,1057m,37度32分35秒
140度41分01秒,標高点,,,
かまくらだけ,,,,
鎌倉岳,福島県,阿武隈高地,967m,37度28分01秒
140度41分20秒,鎌倉岳,,,
おおたきねやま,,,,
大滝根山,福島県,阿武隈高地,1192m,37度21分18秒
140度42分06秒,大滝根山,,,
きっとやさん,,,,
屹兎屋山,福島県,阿武隈高地,875m,37度12分38秒
140度52分03秒,屹兎屋山,,,
よもぎだだけ,,,,
蓬田岳,福島県,阿武隈高地,952m,37度15分57秒
140度32分05秒,蓬田岳,,,
さんだいみょうじんやま,,,,
三大明神山,福島県,阿武隈高地,706m,37度03分07秒
140度45分45秒,標高点,,,
たつわれさん,,,,
竪破山,茨城県,阿武隈高地,658m,36度42分39秒
140度33分44秒,立割山,たてわれさん,,
なんたいさん,,,,
男体山,茨城県,阿武隈高地,654m,36度43分27秒
140度25分11秒,頃藤,,,
たかすずやま,,,,
高鈴山,茨城県,阿武隈高地,623m,36度37分16秒
140度35分16秒,高鈴山,,,
やみぞさん,,,,
八溝山,茨城県 福島県,八溝山・筑波山,1022m,36度55分49秒
140度16分23秒,八溝山,,,
わがくにさん,,,,
吾国山,茨城県,八溝山・筑波山,518m,36度19分19秒
140度12分04秒,吾国山,,,
かばさん,,,,
加波山,茨城県,八溝山・筑波山,709m,36度17分56秒
140度08分37秒,加波,,,
つくばさん,,,,
筑波山,茨城県,八溝山・筑波山,877m,36度13分31秒
140度06分24秒,測定点,,,
さんぼんやりだけ,,,,
三本槍岳,福島県 栃木県,那須・日光,1917m,37度09分01秒
139度57分41秒,三倉山,,,
なすだけ<ちゃうすだけ>,,,,
那須岳<茶臼岳>,栃木県,那須・日光,1915m,37度07分29秒
139度57分47秒,標高点,,,
おがたけ,,,,
男鹿岳,福島県 栃木県,那須・日光,1777m,37度05分07秒
139度49分19秒,男鹿岳,おじかだけ,,
おおさびやま,,,,
大佐飛山,栃木県,那須・日光,1908m,37度03分49秒
139度50分40秒,大蛇尾山,,,
たかはらやま<しゃかがだけ>,,,,
高原山<釈迦ヶ岳>,栃木県,那須・日光,1795m,36度54分00秒
139度46分36秒,高原山,,,
にょほうさん,,,,
女峰山,栃木県,那須・日光,2483m,36度48分41秒
139度32分11秒,標高点,,,
にょほうさん<おおまなごさん>,,,,
女峰山<大真名子山>,栃木県,那須・日光,2376m,36度47分43秒
139度30分26秒,大真子,Ｈ26三角点標高改定,,
にょほうさん<こまなごさん>,,,,
女峰山<小真名子山>,栃木県,那須・日光,2323m,36度48分26秒
139度30分39秒,小真子,,,
たろうさん,,,,
太郎山,栃木県,那須・日光,2368m,36度49分04秒
139度28分58秒,太郎山,Ｈ26三角点標高改定,,
なんたいさん,,,,
男体山,栃木県,那須・日光,2486m,36度45分54秒
139度29分27秒,測定点,Ｈ15現地計測による標高改定,,
しらねさん,,,,
白根山,群馬県 栃木県,那須・日光,2578m,36度47分55秒
139度22分33秒,標高点,日光白根山（にっこうしらねさん）,,
すかいさん,,,,
皇海山,栃木県 群馬県,那須・日光,2144m,36度41分24秒
139度20分13秒,皇海山,Ｈ26三角点標高改定,,
こうしんざん,,,,
庚申山,栃木県,那須・日光,1892m,36度40分23秒
139度21分40秒,標高点,,,
けさまるやま,,,,
袈裟丸山,栃木県 群馬県,那須・日光,1961m,36度38分58秒
139度19分38秒,標高点,,,
よこねやま,,,,
横根山,栃木県,那須・日光,1373m,36度37分11秒
139度31分20秒,横根,,,
あかぎさん<くろびさん>,,,,
赤城山<黒檜山>,群馬県,那須・日光,1828m,36度33分37秒
139度11分36秒,黒檜山,赤城山（あかぎやま）,,
あかぎさん<じぞうだけ>,,,,
赤城山<地蔵岳>,群馬県,那須・日光,1674m,36度32分28秒
139度10分38秒,赤城山,,,
はかせやま,,,,
博士山,福島県,南会津・尾瀬,1482m,37度21分47秒
139度42分53秒,博士山,,,
おのだけ,,,,
小野岳,福島県,南会津・尾瀬,1383m,37度19分33秒
139度53分12秒,小野岳,Ｈ26三角点標高改定,,
ななつがたけ<いちばんだけ>,,,,
七ヶ岳<一番岳>,福島県,南会津・尾瀬,1636m,37度07分27秒
139度39分27秒,七ツケ岳,　,,
あらかいざん（たろうだけ）,,,,
荒海山（太郎岳）,福島県 栃木県,南会津・尾瀬,1581m,37度02分10秒
139度38分37秒,標高点,,,
たしろやま,,,,
田代山,福島県,南会津・尾瀬,1971m,36度58分28秒
139度28分42秒,標高点,,,
たいしゃくざん,,,,
帝釈山,福島県 栃木県,南会津・尾瀬,2060m,36度58分11秒
139度27分36秒,帝釈山,,,
くろいわやま,,,,
黒岩山,栃木県 群馬県,南会津・尾瀬,2163m,36度54分32秒
139度23分37秒,黒岩山,,,
きぬぬまやま,,,,
鬼怒沼山,栃木県 群馬県,南会津・尾瀬,2141m,36度52分58秒
139度22分18秒,鬼怒沼,,,
あさひだけ,,,,
朝日岳,福島県,南会津・尾瀬,1624m,37度13分16秒
139度20分23秒,朝日岳,会津朝日岳（あいづあさひだけ）,,
まるやまだけ,,,,
丸山岳,福島県,南会津・尾瀬,1820m,37度10分22秒
139度20分05秒,白戸山,,,
こまがたけ,,,,
駒ヶ岳,福島県,南会津・尾瀬,2133m,37度02分51秒
139度21分13秒,測定点,会津駒ヶ岳（あいづこまがたけ）,,
ひらがたけ,,,,
平ヶ岳,群馬県 新潟県,南会津・尾瀬,2141m,37度00分07秒
139度10分15秒,標高点,,,
けいづるやま,,,,
景鶴山,群馬県 新潟県,南会津・尾瀬,2004m,36度57分25秒
139度12分38秒,標高点,,,
ひうちがたけ<しばやすぐら>,,,,
燧ヶ岳<しばやすぐら>,福島県,南会津・尾瀬,2356m,36度57分18秒
139度17分07秒,測定点,,,
しぶつさん,,,,
至仏山,群馬県,南会津・尾瀬,2228m,36度54分13秒
139度10分24秒,至仏山,,,
ほたかやま,,,,
武尊山,群馬県,南会津・尾瀬,2158m,36度48分19秒
139度07分57秒,武尊山,沖武尊山（おきほたかやま）,,
みかぐらだけ,,,,
御神楽岳,新潟県,越後山脈,1386m,37度31分19秒
139度25分33秒,御神楽岳,,,
あわがたけ,,,,
粟ヶ岳,新潟県,越後山脈,1293m,37度33分19秒
139度11分19秒,粟ケ嶽,,,
やはずだけ,,,,
矢筈岳,新潟県,越後山脈,1257m,37度30分45秒
139度15分58秒,矢筈岳,,,
すもんだけ,,,,
守門岳,新潟県,越後山脈,1537m,37度23分52秒
139度08分12秒,守門岳,,,
あさくさだけ,,,,
浅草岳,新潟県 福島県,越後山脈,1585m,37度20分37秒
139度14分01秒,浅草岳,,,
けもうやま,,,,
毛猛山,福島県 新潟県,越後山脈,1517m,37度15分24秒
139度10分31秒,岩沢山,,,
みじょうがたけ,,,,
未丈ヶ岳,新潟県,越後山脈,1553m,37度11分00秒
139度11分22秒,大鳥岳,山名変更：Ｈ19関係自治体からの申請による,,
こまがたけ,,,,
駒ヶ岳,新潟県,越後山脈,2003m,37度07分25秒
139度04分31秒,越駒ケ岳,越後駒ヶ岳（えちごこまがたけ）　魚沼駒ヶ岳（うおぬまこまがたけ）,,
はっかいさん<にゅうどうだけ>,,,,
八海山<入道岳>,新潟県,越後山脈,1778m,37度06分14秒
139度01分29秒,標高点,,,
なかのだけ,,,,
中ノ岳,新潟県,越後山脈,2085m,37度05分07秒
139度04分39秒,中ノ岳,,,
あらさわだけ,,,,
荒沢岳,新潟県,越後山脈,1969m,37度06分02秒
139度08分53秒,荒沢岳,,,
しもつごうやま,,,,
下津川山,新潟県 群馬県,越後山脈,1928m,36度59分41秒
139度03分00秒,下津川山,,,
まきはたやま,,,,
巻機山,群馬県 新潟県,越後山脈,1967m,36度58分43秒
138度57分51秒,標高点,,,
だいげんたさん,,,,
大源太山,新潟県,越後山脈,1598m,36度54分09秒
138度55分37秒,標高点,,,
あさひだけ,,,,
朝日岳,群馬県,越後山脈,1945m,36度52分50秒
138度58分21秒,笠ケ岳,,,
あさひだけ<しらがもん>,,,,
朝日岳<白毛門>,群馬県,越後山脈,1720m,36度51分35秒
138度58分02秒,標高点,,,
たにがわだけ<しげくらだけ>,,,,
谷川岳<茂倉岳>,群馬県 新潟県,越後山脈,1978m,36度50分57秒
138度55分00秒,標高点,,,
たにがわだけ<いちのくらだけ>,,,,
谷川岳<一ノ倉岳>,群馬県 新潟県,越後山脈,1974m,36度50分50秒
138度55分28秒,谷川富士,,,
たにがわだけ<おきのみみ>,,,,
谷川岳<オキノ耳>,群馬県 新潟県,越後山脈,1977m,36度50分14秒
138度55分48秒,標高点,,,
まんたろうさん,,,,
万太郎山,群馬県 新潟県,越後山脈,1954m,36度49分27秒
138度52分45秒,万太郎,,,
せんのくらやま,,,,
仙ノ倉山,群馬県 新潟県,越後山脈,2026m,36度49分03秒
138度50分22秒,千倉山,,,
あづまやさん,,,,
吾妻耶山,群馬県,越後山脈,1341m,36度44分47秒
138度55分38秒,標高点,,,
なえばさん,,,,
苗場山,新潟県 長野県,苗場山・白根山・浅間山,2145m,36度50分45秒
138度41分25秒,苗場山,,,
さぶりゅうやま,,,,
佐武流山,新潟県 長野県,苗場山・白根山・浅間山,2192m,36度46分20秒
138度40分14秒,佐武流,,,
しらすなやま,,,,
白砂山,群馬県 長野県,苗場山・白根山・浅間山,2140m,36度44分17秒
138度41分37秒,西川浦,,,
とりかぶとやま,,,,
鳥甲山,長野県,苗場山・白根山・浅間山,2038m,36度50分21秒
138度35分02秒,鳥甲,,,
こうしゃさん（たかいふじ）,,,,
高社山（高井富士）,長野県,苗場山・白根山・浅間山,1351m,36度47分57秒
138度24分14秒,高社山,たかやしろやま,,
いわすげやま<うらいわすげやま>,,,,
岩菅山<裏岩菅山>,長野県,苗場山・白根山・浅間山,2341m,36度45分10秒
138度34分05秒,標高点,いわすごやま＜うらいわすごやま＞,,
いわすげやま,,,,
岩菅山,長野県,苗場山・白根山・浅間山,2295m,36度44分31秒
138度33分34秒,岩菅山,いわすごやま,,
しがやま,,,,
志賀山,長野県,苗場山・白根山・浅間山,2037m,36度42分01秒
138度30分57秒,標高点,,,
かさがたけ,,,,
笠ヶ岳,長野県,苗場山・白根山・浅間山,2076m,36度40分36秒
138度28分53秒,笠ケ岳,,,
よこてやま,,,,
横手山,群馬県 長野県,苗場山・白根山・浅間山,2307m,36度40分08秒
138度31分33秒,標高点,,,
しらねさん,,,,
白根山,群馬県,苗場山・白根山・浅間山,2160m,36度38分38秒
138度31分40秒,標高点,草津白根山（くさつしらねさん）,,
もとしらねさん,,,,
本白根山,群馬県,苗場山・白根山・浅間山,2171m,36度37分22秒
138度31分55秒,標高点,,,
あずまやさん,,,,
四阿山,長野県 群馬県,苗場山・白根山・浅間山,2354m,36度32分30秒
138度24分47秒,標高点,,,
あずまやさん<ねこだけ>,,,,
四阿山<根子岳>,長野県,苗場山・白根山・浅間山,2207m,36度32分57秒
138度23分43秒,標高点,,,
ゆのまるやま,,,,
湯ノ丸山,長野県 群馬県,苗場山・白根山・浅間山,2101m,36度26分05秒
138度24分04秒,標高点,,,
かごのとやま<ひがしかごのとやま>,,,,
篭ノ登山<東篭ノ登山>,長野県 群馬県,苗場山・白根山・浅間山,2228m,36度25分10秒
138度26分50秒,籠塔山,Ｈ26三角点標高改定,,
あさまやま,,,,
浅間山,群馬県 長野県,苗場山・白根山・浅間山,2568m,36度24分24秒
138度31分23秒,標高点,,,
あさまかくしやま,,,,
浅間隠山,群馬県,苗場山・白根山・浅間山,1757m,36度27分13秒
138度39分09秒,浅間隠,,,
はなまがりやま,,,,
鼻曲山,群馬県,苗場山・白根山・浅間山,1655m,36度24分39秒
138度38分44秒,標高点,,,
はるなさん<かもんがたけ>,,,,
榛名山<掃部ヶ岳>,群馬県,苗場山・白根山・浅間山,1449m,36度28分39秒
138度51分03秒,標高点,,,
こもちやま,,,,
子持山,群馬県,苗場山・白根山・浅間山,1296m,36度35分31秒
138度59分52秒,子持山,,,
みょうぎさん<そうまだけ>,,,,
妙義山<相馬岳>,群馬県,関東山地,1104m,36度17分55秒
138度44分56秒,相馬ケ岳,,,
あらふねやま,,,,
荒船山,群馬県 長野県,関東山地,1423m,36度12分14秒
138度38分14秒,荒船山,,,
あかぐなやま,,,,
赤久縄山,群馬県,関東山地,1523m,36度08分37秒
138度50分36秒,赤久縄,Ｈ26三角点標高改定,,
みかぼやま<にしみかぼやま>,,,,
御荷鉾山<西御荷鉾山>,群馬県,関東山地,1287m,36度09分08秒
138度55分06秒,西御荷鉾,Ｈ26三角点標高改定,,
ふたごやま,,,,
二子山,埼玉県,関東山地,1166m,36度04分11秒
138度51分49秒,二子山,,,
りょうかみさん,,,,
両神山,埼玉県,関東山地,1723m,36度01分24秒
138度50分29秒,両神山,,,
おぐらさん,,,,
御座山,長野県,関東山地,2112m,36度02分02秒
138度36分24秒,標高点,,,
さんぽうやま,,,,
三宝山,埼玉県 長野県,関東山地,2483m,35度55分03秒
138度43分40秒,国師岳２,,,
こぶしがたけ,,,,
甲武信ヶ岳,埼玉県 山梨県 長野県,関東山地,2475m,35度54分32秒
138度43分44秒,標高点,,,
よこおやま,,,,
横尾山,山梨県 長野県,関東山地,1818m,35度55分08秒
138度31分16秒,横尾山,,,
みずがきやま,,,,
瑞牆山,山梨県,関東山地,2230m,35度53分36秒
138度35分31秒,標高点,,,
きんぷさん,,,,
金峰山,山梨県 長野県,関東山地,2599m,35度52分17秒
138度37分31秒,測定点,,,
あさひだけ,,,,
朝日岳,山梨県 長野県,関東山地,2579m,35度52分28秒
138度38分33秒,標高点,,,
こくしがたけ,,,,
国師ヶ岳,山梨県 長野県,関東山地,2592m,35度52分15秒
138度40分23秒,国師岳,,,
きたおくせんじょうだけ,,,,
北奥千丈岳,山梨県,関東山地,2601m,35度52分07秒
138度40分15秒,標高点,,,
けんとくさん,,,,
乾徳山,山梨県,関東山地,2031m,35度49分23秒
138度42分54秒,標高点,,,
こならやま,,,,
小楢山,山梨県,関東山地,1713m,35度46分54秒
138度39分51秒,中牧村,,,
かやがたけ,,,,
茅ヶ岳,山梨県,関東山地,1704m,35度47分42秒
138度30分50秒,茅ケ岳,,,
どうだいらさん,,,,
堂平山,埼玉県,関東山地,876m,36度00分21秒
139度11分24秒,堂平山,,,
ぶこうさん,,,,
武甲山,埼玉県,関東山地,1304m,35度57分06秒
139度05分52秒,測定点,Ｈ14現地計測による標高改定,,
いずがたけ,,,,
伊豆ヶ岳,埼玉県,関東山地,851m,35度55分37秒
139度09分38秒,伊豆岳,,,
かわのりやま,,,,
川乗山,東京都,関東山地,1363m,35度51分03秒
139度06分25秒,火打石,川苔山（かわのりやま）,,
とりだにやま,,,,
酉谷山,埼玉県 東京都,関東山地,1718m,35度53分50秒
139度00分37秒,小川,黒ドッケ（くろどっけ）,,
くもとりやま,,,,
雲取山,埼玉県 東京都,関東山地,2017m,35度51分20秒
138度56分38秒,雲取山,,,
はくせきさん,,,,
白石山,埼玉県,関東山地,2036m,35度53分58秒
138度52分41秒,白石,しろいしやま　和名倉山（わなぐらやま）,,
からまつおやま,,,,
唐松尾山,埼玉県 山梨県,関東山地,2109m,35度52分04秒
138度50分43秒,唐松尾,,,
おおぼらやま（ひりゅうやま）,,,,
大洞山（飛龍山）,埼玉県 山梨県,関東山地,2077m,35度50分24秒
138度53分32秒,標高点,,,
けいかんやま（くろかわやま）,,,,
鶏冠山（黒川山）,山梨県,関東山地,1716m,35度47分19秒
138度50分09秒,標高点,黒川鶏冠山（くろかわけいかんざん）,,
だいぼさつれい,,,,
大菩薩嶺,山梨県,関東山地,2057m,35度44分56秒
138度50分44秒,大菩薩,,,
こがねざわやま,,,,
小金沢山,山梨県,関東山地,2014m,35度43分01秒
138度51分24秒,雨沢,,,
がんがはらすりやま,,,,
雁ケ腹摺山,山梨県,関東山地,1874m,35度41分13秒
138度53分06秒,標高点,,,
ごんげんやま,,,,
権現山,山梨県,関東山地,1312m,35度40分04秒
139度01分17秒,棚頭山,,,
ごんげんやま<おうぎやま>,,,,
権現山<扇山>,山梨県,関東山地,1138m,35度38分14秒
139度00分50秒,標高点,,,
みとうさん,,,,
三頭山,東京都,関東山地,1531m,35度44分21秒
139度00分50秒,標高点,,,
おおだけさん,,,,
大岳山,東京都,関東山地,1266m,35度45分55秒
139度07分49秒,大岳,,,
じんばさん（じんばさん）,,,,
陣馬山（陣場山）,東京都 神奈川県,関東山地,855m,35度39分08秒
139度10分00秒,標高点,,,
たかおさん,,,,
高尾山,東京都,関東山地,599m,35度37分31秒
139度14分37秒,高尾山,,,
きよすみやま<みょうけんやま>,,,,
清澄山<妙見山>,千葉県,房総・三浦,377m,35度09分45秒
140度09分08秒,標高点,,,
かのうざん,,,,
鹿野山,千葉県,房総・三浦,379m,35度15分20秒
139度58分18秒,測定点,標高は白鳥峰の標高を示す,,
のこぎりやま,,,,
鋸山,千葉県,房総・三浦,329m,35度09分37秒
139度50分27秒,鋸山,,,
とみさん,,,,
富山,千葉県,房総・三浦,349m,35度05分56秒
139度52分53秒,富山,Ｈ26三角点標高改定,,
いよがたけ,,,,
伊予ヶ岳,千葉県,房総・三浦,336m,35度06分26秒
139度54分50秒,伊予岳,Ｈ23三角点改測,,
あたごやま,,,,
愛宕山,千葉県,房総・三浦,408m,35度06分54秒
139度59分13秒,二ツ山,,,
おおやま,,,,
大山,千葉県,房総・三浦,193m,34度57分51秒
139度46分40秒,房大山,房ノ大山（ぼうのおおやま）　Ｈ26三角点標高改定,,
おおぐすやま,,,,
大楠山,神奈川県,房総・三浦,241m,35度15分00秒
139度37分41秒,大楠山,,,
おおやま,,,,
大山,神奈川県,丹沢山地,1252m,35度26分27秒
139度13分53秒,標高点,,,
たんざわさん<ひるがたけ>,,,,
丹沢山<蛭ヶ岳>,神奈川県,丹沢山地,1673m,35度29分11秒
139度08分20秒,標高点,たんざわやま,,
たんざわさん,,,,
丹沢山,神奈川県,丹沢山地,1567m,35度28分27秒
139度09分46秒,丹沢山,,,
たんざわさん<とうのだけ(とうがたけ)>,,,,
丹沢山<塔ノ岳（塔ヶ岳）>,神奈川県,丹沢山地,1491m,35度27分15秒
139度09分48秒,塔ケ岳,,,
おおむろやま,,,,
大室山,神奈川県 山梨県,丹沢山地,1587m,35度30分39秒
139度04分07秒,大群山,おおむれやま　Ｈ26三角点標高改定,,
みしょうたいやま,,,,
御正体山,山梨県,丹沢山地,1681m,35度29分13秒
138度55分54秒,御正体山,Ｈ26三角点標高改定,,
こもつるしやま,,,,
菰釣山,神奈川県 山梨県,丹沢山地,1379m,35度27分50秒
138度58分43秒,標高点,,,
みつとうげやま,,,,
三ッ峠山,山梨県,富士山とその周辺,1785m,35度32分57秒
138度48分33秒,水峠,,,
くろたけ,,,,
黒岳,山梨県,富士山とその周辺,1793m,35度33分07秒
138度44分58秒,黒岳,御坂黒岳（みさかくろたけ）,,
くろたけ<しゃかがたけ>,,,,
黒岳<釈迦ヶ岳>,山梨県,富士山とその周辺,1641m,35度33分47秒
138度43分13秒,標高点,,,
せっとうがたけ,,,,
節刀ヶ岳,山梨県,富士山とその周辺,1736m,35度31分43秒
138度41分00秒,標高点,せっちょうがたけ,,
ふじさん<けんがみね>,,,,
富士山<剣ヶ峯>,山梨県 静岡県,富士山とその周辺,3776m,35度21分39秒
138度43分39秒,測定点,,,
あしたかやま<えちぜんだけ>,,,,
愛鷹山<越前岳>,静岡県,富士山とその周辺,1504m,35度14分17秒
138度47分38秒,印野村,,,
けなしやま,,,,
毛無山,山梨県 静岡県,富士山とその周辺,1964m,35度24分57秒
138度32分38秒,標高点,,,
てんしがたけ,,,,
天子ヶ岳,静岡県,富士山とその周辺,1330m,35度19分45秒
138度32分12秒,標高点,,,
はこねやま<かみやま>,,,,
箱根山<神山>,神奈川県,箱根山・伊豆半島,1438m,35度14分00秒
139度01分15秒,冠ケ岳,,,
はこねやま<きんときざん>,,,,
箱根山<金時山>,静岡県 神奈川県,箱根山・伊豆半島,1212m,35度17分23秒
139度00分18秒,金時山,Ｈ26三角点標高改定,,
くろたけ,,,,
玄岳,静岡県,箱根山・伊豆半島,798m,35度04分54秒
139度01分41秒,玄岳,,,
おおむろやま,,,,
大室山,静岡県,箱根山・伊豆半島,580m,34度54分11秒
139度05分41秒,大室山,,,
あまぎさん<ばんざぶろうだけ>,,,,
天城山<万三郎岳>,静岡県,箱根山・伊豆半島,1406m,34度51分46秒
139度00分06秒,万城岳,Ｈ26三角点標高改定,,
だるまやま,,,,
達磨山,静岡県,箱根山・伊豆半島,982m,34度57分18秒
138度50分21秒,達摩山,,,
ちょうくろうやま,,,,
長九郎山,静岡県,箱根山・伊豆半島,996m,34度47分18秒
138度52分05秒,長九郎,,,
みはらやま<みはらしんざん>,,,,
三原山<三原新山>,東京都,伊豆諸島（大島）,758m,34度43分28秒
139度23分40秒,標高点,Ｈ18地形図更新に伴う標高改定,,
みやつかやま,,,,
宮塚山,東京都,伊豆諸島（利島）,508m,34度31分13秒
139度16分45秒,利島,,,
てんじょうさん,,,,
天上山,東京都,伊豆諸島（神津島）,572m,34度13分10秒
139度09分11秒,神津島,Ｈ14三角点改測,,
おやま,,,,
雄山,東京都,伊豆諸島（三宅島）,775m,34度05分37秒
139度31分34秒,標高点,Ｈ16地形図更新に伴う標高改定,,
おやま,,,,
御山,東京都,伊豆諸島（御蔵島）,851m,33度52分28秒
139度36分07秒,御蔵島,,,
にしやま（はちじょうふじ）,,,,
西山（八丈富士）,東京都,伊豆諸島（八丈島）,854m,33度08分13秒
139度45分58秒,八丈富士,,,
いおうやま,,,,
硫黄山,東京都,伊豆諸島（鳥島）,394m,30度29分02秒
140度18分11秒,標高点,,,
ちゅうおうざん,,,,
中央山,東京都,小笠原諸島（父島）,320m,27度04分24秒
142度13分07秒,中央山,,,
ちぶさやま,,,,
乳房山,東京都,小笠原諸島（母島）,463m,26度39分34秒
142度09分41秒,乳房山,,,
さかきがみね,,,,
榊ヶ峰,東京都,小笠原諸島（北硫黄島）,792m,25度25分41秒
141度16分51秒,標高点,,,
すりばちやま（ぱいぷやま）,,,,
摺鉢山（パイプ山）,東京都,小笠原諸島（硫黄島）,172m,24度45分02秒
141度17分21秒,標高点,R5写真測量による標高改定,,
[みなみいおうとう],,,,
[南硫黄島],東京都,小笠原諸島（南硫黄島）,916m,24度14分02秒
141度27分48秒,標高点,,,
きんぽくさん,,,,
金北山,新潟県,佐渡,1172m,38度06分14秒
138度20分59秒,金北山,,,
おおじやま,,,,
大地山,新潟県,佐渡,646m,37度57分31秒
138度28分47秒,大地山,,,
やひこやま,,,,
弥彦山,新潟県,東頸城丘陵,634m,37度42分17秒
138度48分32秒,標高点,,,
よねやま,,,,
米山,新潟県,東頸城丘陵,993m,37度17分22秒
138度29分02秒,米山,,,
くろひめさん,,,,
黒姫山,新潟県,東頸城丘陵,891m,37度13分34秒
138度35分32秒,標高点,,,
ひしがたけ,,,,
菱ヶ岳,新潟県,東頸城丘陵,1129m,37度01分56秒
138度29分36秒,菱ケ岳,,,
まだらおやま,,,,
斑尾山,長野県,東頸城丘陵,1382m,36度50分15秒
138度16分28秒,斑尾山,,,
ほこがたけ,,,,
鉾ヶ岳,新潟県,妙高山とその周辺,1316m,37度01分43秒
138度01分35秒,鉾ケ岳,,,
こまがたけ,,,,
駒ヶ岳,新潟県,妙高山とその周辺,1498m,36度56分34秒
137度56分54秒,標高点,,,
のこぎりだけ,,,,
鋸岳,新潟県,妙高山とその周辺（海谷山地）,1631m,36度55分55秒
137度58分08秒,鬼ケ面,,,
やけやま,,,,
焼山,新潟県,妙高山とその周辺,2400m,36度55分15秒
138度02分09秒,焼山,,,
あまかざりやま,,,,
雨飾山,新潟県 長野県,妙高山とその周辺,1963m,36度54分07秒
137度57分45秒,雨飾山,,,
ひうちやま,,,,
火打山,新潟県,妙高山とその周辺,2462m,36度55分22秒
138度04分05秒,火打山,,,
みょうこうさん,,,,
妙高山,新潟県,妙高山とその周辺,2454m,36度53分29秒
138度06分48秒,標高点,,,
くろひめやま,,,,
黒姫山,長野県,妙高山とその周辺,2053m,36度48分48秒
138度07分38秒,標高点,,,
たかつまやま,,,,
高妻山,新潟県 長野県,妙高山とその周辺,2353m,36度48分00秒
138度03分07秒,高妻山,,,
とがくしやま,,,,
戸隠山,長野県,妙高山とその周辺,1904m,36度46分13秒
138度03分18秒,標高点,,,
いいづなやま（いいづなやま）,,,,
飯縄山（飯綱山）,長野県,妙高山とその周辺,1917m,36度44分22秒
138度08分01秒,飯縄山,,,
むしくらやま,,,,
虫倉山,長野県,妙高山とその周辺,1378m,36度38分59秒
138度01分09秒,虫倉,Ｈ27三角点「虫倉」は山体の一部崩落により廃点（標高は参考値）,,
ひじりやま,,,,
聖山,長野県,筑摩山地,1447m,36度29分03秒
138度01分17秒,聖山,,,
かむりきやま（おばすてやま）,,,,
冠着山（姨捨山）,長野県,筑摩山地,1252m,36度28分08秒
138度06分24秒,冠着,,,
うつくしがはら<おうがとう>,,,,
美ヶ原<王ヶ頭>,長野県,筑摩山地,2034m,36度13分33秒
138度06分27秒,美ケ原,,,
はちぶせやま,,,,
鉢伏山,長野県,筑摩山地,1929m,36度09分47秒
138度03分33秒,鉢伏山,Ｈ26三角点標高改定,,
きりがみね<くるまやま>,,,,
霧ヶ峰<車山>,長野県,霧ヶ峰・八ヶ岳,1925m,36度06分11秒
138度11分48秒,車沢,,,
たてしなやま,,,,
蓼科山,長野県,霧ヶ峰・八ヶ岳,2531m,36度06分13秒
138度17分42秒,蓼科山,Ｈ26三角点標高改定,,
よこだけ,,,,
横岳,長野県,霧ヶ峰・八ヶ岳,2480m,36度05分15秒
138度19分12秒,標高点,,,
しまがれやま,,,,
縞枯山,長野県,霧ヶ峰・八ヶ岳,2403m,36度04分32秒
138度19分52秒,標高点,,,
てんぐだけ,,,,
天狗岳,長野県,霧ヶ峰・八ヶ岳,2646m,36度01分09秒
138度21分20秒,東岳,,,
みねのまつめ,,,,
峰の松目,長野県,霧ヶ峰・八ヶ岳,2568m,35度59分49秒
138度21分02秒,峰ノ松目,Ｈ26三角点標高改定,,
いおうだけ,,,,
硫黄岳,長野県,霧ヶ峰・八ヶ岳,2760m,35度59分55秒
138度22分12秒,標高点,,,
よこだけ,,,,
横岳,長野県,霧ヶ峰・八ヶ岳,2830m,35度59分09秒
138度22分22秒,測定点,Ｈ30現地計測による標高改定,,
あかだけ,,,,
赤岳,長野県 山梨県,霧ヶ峰・八ヶ岳,2899m,35度58分15秒
138度22分12秒,赤岳,,,
あみだだけ,,,,
阿弥陀岳,長野県,霧ヶ峰・八ヶ岳,2805m,35度58分20秒
138度21分32秒,標高点,,,
ごんげんだけ,,,,
権現岳,山梨県,霧ヶ峰・八ヶ岳,2715m,35度56分59秒
138度21分35秒,標高点,,,
ごんげんだけ<にしだけ>,,,,
権現岳<西岳>,長野県,霧ヶ峰・八ヶ岳,2398m,35度57分00秒
138度20分06秒,標高点,,,
ごんげんだけ<みつがしら>,,,,
権現岳<三ッ頭>,山梨県,霧ヶ峰・八ヶ岳,2580m,35度56分32秒
138度21分50秒,標高点,,,
あみがさやま,,,,
編笠山,山梨県 長野県,霧ヶ峰・八ヶ岳,2524m,35度56分30秒
138度20分42秒,編笠岳,,,
くろひめやま,,,,
黒姫山,新潟県,ひだ 山脈北部,1221m,36度58分36秒
137度47分24秒,黒姫山,Ｈ26三角点標高改定,,
みょうじょうさん,,,,
明星山,新潟県,ひだ 山脈北部,1188m,36度56分27秒
137度49分19秒,明星,Ｈ26三角点標高改定　山名（よみ）変更：Ｈ27関係自治体からの申請による,,
いぬがだけ,,,,
犬ヶ岳,新潟県 富山県,ひだ 山脈北部,1592m,36度54分25秒
137度42分56秒,犬ケ岳,Ｈ26三角点標高改定,,
あさひだけ,,,,
朝日岳,新潟県 富山県,ひだ 山脈北部,2418m,36度49分36秒
137度43分48秒,雪倉,,,
ゆきくらだけ,,,,
雪倉岳,新潟県 富山県,ひだ 山脈北部,2611m,36度47分41秒
137度45分15秒,六兵衛,,,
はちがたけ,,,,
鉢ヶ岳,新潟県 富山県,ひだ 山脈北部,2563m,36度46分49秒
137度44分58秒,標高点,,,
これんげさん,,,,
小蓮華山,新潟県 長野県,ひだ 山脈北部,2766m,36度46分25秒
137度46分34秒,測定点,大日岳（だいにちだけ）　Ｈ20現地計測による標高改定,,
のりくらだけ,,,,
乗鞍岳,新潟県 長野県,ひだ 山脈北部,2469m,36度47分19秒
137度47分57秒,標高点,,,
かざふきだけ,,,,
風吹岳,長野県,ひだ 山脈北部,1888m,36度48分51秒
137度50分20秒,標高点,,,
しろうまだけ,,,,
白馬岳,富山県 長野県,ひだ 山脈北部,2932m,36度45分31秒
137度45分31秒,白馬岳,,,
あさひだけ,,,,
旭岳,富山県,ひだ 山脈北部,2867m,36度45分28秒
137度44分45秒,標高点,,,
しょうずだけ,,,,
清水岳,富山県,ひだ 山脈北部,2603m,36度45分53秒
137度43分08秒,標高点,,,
しゃくしだけ,,,,
杓子岳,富山県 長野県,ひだ 山脈北部,2812m,36度44分26秒
137度45分33秒,標高点,,,
やりがたけ,,,,
鑓ヶ岳,富山県 長野県,ひだ 山脈北部,2903m,36度43分53秒
137度45分19秒,鎗ヶ岳,白馬鑓ヶ岳（しろうまやりがたけ）,,
からまつだけ,,,,
唐松岳,富山県 長野県,ひだ 山脈北部,2696m,36度41分14秒
137度45分17秒,唐松谷,,,
ごりゅうだけ,,,,
五龍岳,富山県,ひだ 山脈北部,2814m,36度39分30秒
137度45分10秒,標高点,,,
かしまやりがたけ,,,,
鹿島槍ヶ岳,富山県 長野県,ひだ 山脈北部,2889m,36度37分28秒
137度44分49秒,鹿島入,,,
じいがたけ,,,,
爺ヶ岳,富山県 長野県,ひだ 山脈北部,2670m,36度35分18秒
137度45分03秒,祖父岳,,,
いわごやざわだけ,,,,
岩小屋沢岳,富山県 長野県,ひだ 山脈北部,2630m,36度34分37秒
137度42分48秒,西岳,,,
なるさわだけ,,,,
鳴沢岳,富山県 長野県,ひだ 山脈北部,2641m,36度34分07秒
137度41分44秒,標高点,,,
あかざわだけ,,,,
赤沢岳,富山県 長野県,ひだ 山脈北部,2678m,36度33分43秒
137度41分15秒,牛小屋沢,,,
すばりだけ,,,,
スバリ岳,富山県 長野県,ひだ 山脈北部,2752m,36度32分39秒
137度41分06秒,標高点,,,
はりのきだけ,,,,
針ノ木岳,富山県 長野県,ひだ 山脈北部,2821m,36度32分17秒
137度41分04秒,野口,,,
れんげだけ,,,,
蓮華岳,富山県 長野県,ひだ山 脈北部,2799m,36度32分09秒
137度42分38秒,蓮華岳,,,
きたくずだけ,,,,
北葛岳,富山県 長野県,ひだ 山脈北部,2551m,36度31分03秒
137度42分20秒,標高点,,,
ふどうだけ,,,,
不動岳,富山県 長野県,ひだ 山脈北部,2601m,36度29分43秒
137度40分02秒,標高点,,,
みなみさわだけ,,,,
南沢岳,富山県 長野県,ひだ 山脈北部,2626m,36度29分24秒
137度39分11秒,烏帽子岳,Ｈ26三角点標高改定,,
えぼしだけ,,,,
烏帽子岳,富山県 長野県,ひだ 山脈北部,2628m,36度28分46秒
137度39分03秒,標高点,,,
みつだけ,,,,
三ッ岳,富山県 長野県,ひだ 山脈北部,2845m,36度27分17秒
137度38分58秒,三ツ岳,,,
のぐちごろうだけ,,,,
野口五郎岳,富山県 長野県,ひだ 山脈北部,2924m,36度25分58秒
137度38分16秒,五郎岳,,,
みなみまさごだけ,,,,
南真砂岳,長野県,ひだ 山脈北部,2713m,36度24分48秒
137度38分30秒,標高点,,,
あかうしだけ,,,,
赤牛岳,富山県,ひだ 山脈北部,2864m,36度27分42秒
137度36分12秒,赤手岳,,,
すいしょうだけ（くろだけ）,,,,
水晶岳（黒岳）,富山県,ひだ 山脈北部,2986m,36度25分35秒
137度36分10秒,標高点,,,
じいだけ,,,,
祖父岳,富山県,ひだ 山脈北部,2825m,36度24分40秒
137度35分28秒,標高点,,,
わしばだけ,,,,
鷲羽岳,富山県 長野県,ひだ 山脈北部,2924m,36度24分11秒
137度36分19秒,中俣,,,
みつまたれんげだけ,,,,
三俣蓮華岳,富山県 岐阜県 長野県,ひだ 山脈北部,2841m,36度23分24秒
137度35分16秒,三ツ又,,,
そうがだけ,,,,
僧ヶ岳,富山県,ひだ 山脈北部,1855m,36度45分42秒
137度33分49秒,尾ノ沼,,,
けかつやま,,,,
毛勝山,富山県,ひだ 山脈北部,2415m,36度42分04秒
137度35分27秒,毛勝谷,Ｈ26三角点標高改定,,
ねこまたやま,,,,
猫又山,富山県,ひだ 山脈北部,2378m,36度40分52秒
137度35分25秒,猫又,,,
いけのだいらやま,,,,
池平山,富山県,ひだ 山脈北部,2561m,36度38分28秒
137度37分33秒,標高点,,,
つるぎだけ,,,,
剱岳,富山県,ひだ 山脈北部,2999m,36度37分24秒
137度37分01秒,測定点,Ｈ16現地計測による標高改定,,
べっさん,,,,
別山,富山県,ひだ 山脈北部,2880m,36度35分51秒
137度37分13秒,標高点,,,
つるぎごぜん,,,,
剱御前,富山県,ひだ 山脈北部,2777m,36度36分09秒
137度36分32秒,別山,つるがごぜん,,
おくだいにちだけ,,,,
奥大日岳,富山県,ひだ 山脈北部,2611m,36度35分54秒
137度34分51秒,標高点,,,
だいにちだけ,,,,
大日岳,富山県,ひだ 山脈北部,2501m,36度35分58秒
137度33分00秒,標高点,,,
まさごだけ,,,,
真砂岳,富山県,ひだ 山脈北部,2861m,36度35分12秒
137度37分12秒,標高点,,,
たてやま<おおなんじやま>,,,,
立山<大汝山>,富山県,ひだ 山脈北部,3015m,36度34分33秒
137度37分11秒,標高点,,,
くにみだけ,,,,
国見岳,富山県,ひだ 山脈北部,2621m,36度34分16秒
137度35分23秒,大横手,,,
りゅうおうだけ,,,,
龍王岳,富山県,ひだ 山脈北部,2872m,36度33分53秒
137度36分26秒,標高点,,,
りゅうおうだけ<じょうどさん>,,,,
龍王岳<浄土山>,富山県,ひだ 山脈北部,2831m,36度34分06秒
137度36分13秒,標高点,,,
わしだけ,,,,
鷲岳,富山県,ひだ 山脈北部,2617m,36度32分31秒
137度35分14秒,標高点,,,
とんびやま,,,,
鳶山,富山県,ひだ 山脈北部,2616m,36度32分03秒
137度35分09秒,標高点,,,
えっちゅうざわだけ,,,,
越中沢岳,富山県,ひだ 山脈北部,2592m,36度30分54秒
137度34分59秒,栂山,Ｈ26三角点標高改定,,
くわさきやま,,,,
鍬崎山,富山県,ひだ 山脈北部,2090m,36度32分24秒
137度28分41秒,鍬崎山,,,
やくしだけ,,,,
薬師岳,富山県,ひだ 山脈北部,2926m,36度28分08秒
137度32分41秒,薬師ケ岳,,,
きたのまただけ（かみのだけ）,,,,
北ノ俣岳（上ノ岳）,富山県 岐阜県,ひだ 山脈北部,2662m,36度25分16秒
137度30分44秒,標高点,,,
くろべごろうだけ（なかのまただけ）,,,,
黒部五郎岳（中ノ俣岳）,富山県 岐阜県,ひだ 山脈北部,2840m,36度23分33秒
137度32分24秒,黒部,,,
すごろくだけ,,,,
双六岳,長野県 岐阜県,ひだ 山脈北部,2860m,36度22分19秒
137度35分14秒,中俣岳,,,
もみさわだけ,,,,
樅沢岳,長野県 岐阜県,ひだ 山脈北部,2755m,36度22分00秒
137度36分28秒,標高点,,,
ゆみおりだけ,,,,
弓折岳,岐阜県,ひだ 山脈北部,2592m,36度20分58秒
137度35分48秒,標高点,ゆみおれだけ,,
ぬけどだけ,,,,
抜戸岳,岐阜県,ひだ 山脈北部,2813m,36度19分40秒
137度34分30秒,奥笠ケ岳,,,
かさがたけ,,,,
笠ヶ岳,岐阜県,ひだ 山脈北部,2898m,36度18分56秒
137度33分01秒,笠ケ岳,Ｈ26三角点標高改定,,
しゃくじょうだけ,,,,
錫杖岳,岐阜県,ひだ 山脈北部,2168m,36度16分55秒
137度32分50秒,標高点,,,
いおうだけ,,,,
硫黄岳,長野県,ひだ 山脈北部,2554m,36度22分50秒
137度39分02秒,焼山,,,
からさわだけ,,,,
唐沢岳,長野県,ひだ 山脈北部,2633m,36度27分40秒
137度43分00秒,唐沢,Ｈ26三角点標高改定,,
がきだけ,,,,
餓鬼岳,長野県,ひだ 山脈北部,2647m,36度26分50秒
137度44分10秒,餓飢,,,
つばくろだけ,,,,
燕岳,長野県,ひだ 山脈北部,2763m,36度24分25秒
137度42分46秒,燕岳,,,
ありあけやま,,,,
有明山,長野県,ひだ 山脈北部,2268m,36度23分28秒
137度46分14秒,有明山,ありあけさん,,
だいてんじょうだけ,,,,
大天井岳,長野県,ひだ 山脈南部,2922m,36度21分54秒
137度42分04秒,天章山,おてんしょうだけ,,
ひがしてんじょうだけ,,,,
東天井岳,長野県,ひだ 山脈南部,2814m,36度21分12秒
137度42分56秒,標高点,,,
よことおしだけ,,,,
横通岳,長野県,ひだ 山脈南部,2767m,36度20分33秒
137度43分37秒,赤樽,,,
じょうねんだけ,,,,
常念岳,長野県,ひだ 山脈南部,2857m,36度19分32秒
137度43分39秒,標高点,,,
ちょうがたけ,,,,
蝶ヶ岳,長野県,ひだ 山脈南部,2677m,36度17分15秒
137度43分34秒,標高点,,,
おおたきやま,,,,
大滝山,長野県,ひだ 山脈南部,2616m,36度16分27秒
137度44分36秒,標高点,,,
あかいわだけ,,,,
赤岩岳,長野県,ひだ 山脈南部,2769m,36度20分36秒
137度41分03秒,筆波美,,,
にしだけ,,,,
西岳,長野県,ひだ 山脈南部,2758m,36度20分14秒
137度40分46秒,標高点,,,
あかさわやま,,,,
赤沢山,長野県,ひだ 山脈南部,2670m,36度19分45秒
137度40分47秒,赤沢山,,,
やりがたけ,,,,
槍ヶ岳,長野県,ひだ 山脈南部,3180m,36度20分31秒
137度38分51秒,標高点,,,
おおばみだけ,,,,
大喰岳,長野県 岐阜県,ひだ 山脈南部,3101m,36度20分09秒
137度38分45秒,標高点,,,
なかだけ,,,,
中岳,長野県 岐阜県,ひだ 山脈南部,3084m,36度19分47秒
137度38分48秒,標高点,なかのだけ,,
みなみだけ,,,,
南岳,長野県 岐阜県,ひだ 山脈南部,3033m,36度19分08秒
137度39分03秒,北穂高,,,
きたほたかだけ,,,,
北穂高岳,長野県 岐阜県,ひだ 山脈南部,3106m,36度18分09秒
137度39分07秒,標高点,,,
からさわだけ,,,,
涸沢岳,長野県 岐阜県,ひだ 山脈南部,3110m,36度17分45秒
137度38分49秒,標高点,,,
おくほたかだけ,,,,
奥穂高岳,長野県 岐阜県,ひだ 山脈南部,3190m,36度17分21秒
137度38分53秒,標高点,,,
まえほたかだけ,,,,
前穂高岳,長野県,ひだ 山脈南部,3090m,36度16分55秒
137度39分38秒,穂高岳,,,
にしほたかだけ,,,,
西穂高岳,長野県 岐阜県,ひだ 山脈南部,2909m,36度16分44秒
137度37分45秒,前穂高,,,
やけだけ,,,,
焼岳,長野県 岐阜県,ひだ 山脈南部,2455m,36度13分37秒
137度35分13秒,焼岳,,,
かすみざわだけ,,,,
霞沢岳,長野県,ひだ 山脈南部,2646m,36度13分16秒
137度38分26秒,霞沢岳,,,
じゅっこくやま,,,,
十石山,長野県 岐阜県,ひだ 山脈南部,2525m,36度09分49秒
137度35分26秒,十石山,,,
てらしやま,,,,
輝山,岐阜県,ひだ 山脈南部,2063m,36度11分39秒
137度31分20秒,貝塩,,,
のりくらだけ<けんがみね>,,,,
乗鞍岳<剣ヶ峰>,岐阜県 長野県,ひだ 山脈南部,3026m,36度06分23秒
137度33分13秒,乗鞍岳,,,
かまがみね,,,,
鎌ヶ峰,長野県 岐阜県,ひだ 山脈南部,2121m,36度01分36秒
137度35分57秒,鎌ケ峰,,,
はちもりやま,,,,
鉢盛山,長野県,ひだ 山脈南部,2447m,36度05分12秒
137度45分17秒,鉢盛山,Ｈ26三角点標高改定,,
おんたけさん<けんがみね>,,,,
御嶽山<剣ヶ峰>,長野県,御嶽山とその周辺,3067m,35度53分34秒
137度28分49秒,測定点,,,
こひでやま,,,,
小秀山,長野県 岐阜県,御嶽山とその周辺,1982m,35度47分08秒
137度23分49秒,小秀山,,,
おくさんがいだけ,,,,
奥三界岳,岐阜県 長野県,御嶽山とその周辺,1811m,35度40分54秒
137度30分26秒,奥三階,Ｈ26三角点標高改定,,
おしろやま,,,,
尾城山,岐阜県,御嶽山とその周辺,1133m,35度41分45秒
137度20分38秒,尾城,おじろやま,,
ふたつもりやま,,,,
二ッ森山,岐阜県,御嶽山とその周辺,1223m,35度34分19秒
137度24分01秒,二ツ森,,,
きょうがたけ,,,,
経ヶ岳,長野県,木曽山脈,2296m,35度54分46秒
137度51分45秒,経ケ岳,,,
おおだないりやま,,,,
大棚入山,長野県,木曽山脈,2375m,35度50分53秒
137度48分36秒,大棚入,,,
しょうぎがしらやま,,,,
将棊頭山,長野県,木曽山脈,2730m,35度48分12秒
137度49分37秒,標高点,しょうぎのかしらやま,,
しょうぎがしらやま<ちゃうすやま>,,,,
将棊頭山<茶臼山>,長野県,木曽山脈,2658m,35度48分53秒
137度49分18秒,標高点,,,
こまがたけ,,,,
駒ヶ岳,長野県,木曽山脈,2956m,35度47分22秒
137度48分16秒,信駒ケ岳,木曽駒ヶ岳（きそこまがたけ）　西駒ヶ岳（にしこまがたけ）,,
こまがたけ<ほうけんだけ>,,,,
駒ヶ岳<宝剣岳>,長野県,木曽山脈,2931m,35度46分53秒
137度48分33秒,標高点,,,
こまがたけ<むぎくさだけ>,,,,
駒ヶ岳<麦草岳>,長野県,木曽山脈,2733m,35度47分48秒
137度47分10秒,標高点,,,
さんのさわだけ,,,,
三沢岳,長野県,木曽山脈,2847m,35度46分00秒
137度47分39秒,三ノ沢,三ノ沢岳（さんのさわだけ）　Ｈ26三角点標高改定,,
ひのきおだけ,,,,
檜尾岳,長野県,木曽山脈,2728m,35度45分07秒
137度48分48秒,梯子樽,,,
くまざわだけ,,,,
熊沢岳,長野県,木曽山脈,2778m,35度44分21秒
137度48分12秒,標高点,,,
ひがしかわだけ,,,,
東川岳,長野県,木曽山脈,2671m,35度43分31秒
137度48分20秒,標高点,,,
うつぎだけ,,,,
空木岳,長野県,木曽山脈,2864m,35度43分08秒
137度49分02秒,駒ケ岳,,,
みなみこまがたけ,,,,
南駒ヶ岳,長野県,木曽山脈,2841m,35度42分05秒
137度48分39秒,標高点,,,
みなみこまがたけ<あかなぎだけ>,,,,
南駒ヶ岳< 赤梛岳>,長野県,木曽山脈,2798m,35度42分22秒
137度48分56秒,標高点,,,
せんがいれい,,,,
仙涯嶺,長野県,木曽山脈,2734m,35度41分32秒
137度48分49秒,標高点,,,
こすもやま,,,,
越百山,長野県,木曽山脈,2614m,35度40分46秒
137度48分12秒,越百,Ｈ26三角点標高改定,,
あんぺいじやま,,,,
安平路山,長野県,木曽山脈,2363m,35度37分50秒
137度46分28秒,二ツ薙,,,
すりこぎやま,,,,
摺古木山,長野県,木曽山脈,2169m,35度36分46秒
137度44分15秒,摺小木山,,,
なぎそだけ,,,,
南木曽岳,長野県,木曽山脈,1679m,35度35分33秒
137度38分39秒,標高点,,,
かざこしやま（ごんげんやま）,,,,
風越山（権現山）,長野県,木曽山脈,1535m,35度32分58秒
137度47分02秒,権現山,,,
えなさん,,,,
恵那山,長野県 岐阜県,木曽山脈,2191m,35度26分37秒
137度35分50秒,標高点,,,
もりやさん,,,,
守屋山,長野県,赤石山脈北部,1651m,35度58分03秒
138度05分36秒,守屋山,Ｈ26三角点標高改定,,
にゅうがさやま,,,,
入笠山,長野県,赤石山脈北部,1955m,35度53分47秒
138度10分18秒,入笠山,,,
のこぎりだけ,,,,
鋸岳,山梨県 長野県,赤石山脈北部,2685m,35度46分44秒
138度12分36秒,標高点,山名変更：Ｈ2関係自治体からの申請による,,
こまがたけ,,,,
駒ヶ岳,山梨県 長野県,赤石山脈北部,2967m,35度45分29秒
138度14分12秒,標高点,甲斐駒ヶ岳（かいこまがたけ）　東駒ヶ岳（ひがしこまがたけ）,,
こまつみね,,,,
駒津峰,山梨県 長野県,赤石山脈北部,2752m,35度45分17秒
138度13分51秒,標高点,,,
ふたごやま,,,,
双児山,山梨県 長野県,赤石山脈北部,2649m,35度45分03秒
138度13分17秒,標高点,,,
あさよみね,,,,
アサヨ峰,山梨県,赤石山脈北部,2799m,35度43分54秒
138度14分29秒,鳳凰山,,,
あさよみね<くりさわやま>,,,,
アサヨ峰<栗沢山>,山梨県,赤石山脈北部,2714m,35度44分17秒
138度14分03秒,標高点,,,
たかみね,,,,
高嶺,山梨県,赤石山脈北部,2779m,35度42分35秒
138度17分16秒,高嶺,たかね,,
じぞうがたけ,,,,
地蔵ヶ岳,山梨県,赤石山脈北部（鳳凰山）,2764m,35度42分44秒
138度17分55秒,標高点,,,
かんのんがだけ,,,,
観音ヶ岳,山梨県,赤石山脈北部（鳳凰山）,2841m,35度42分06秒
138度18分17秒,観音岳,Ｈ26三角点標高改定　山名変更：Ｈ17関係自治体の申請による,,
やくしがだけ,,,,
薬師ヶ岳,山梨県,赤石山脈北部（鳳凰山）,2780m,35度41分46秒
138度18分42秒,標高点,山名変更：Ｈ17関係自治体の申請による,,
つじやま,,,,
辻山,山梨県,赤石山脈北部,2585m,35度40分35秒
138度19分19秒,辻,,,
くしがたやま,,,,
櫛形山,山梨県,赤石山脈北部,2052m,35度35分12秒
138度22分09秒,奥仙重,,,
せんじょうがたけ,,,,
仙丈ヶ岳,山梨県 長野県,赤石山脈北部,3033m,35度43分12秒
138度11分01秒,前岳,,,
いなあらくらだけ,,,,
伊那荒倉岳,山梨県 長野県,赤石山脈北部,2519m,35度41分21秒
138度11分39秒,標高点,,,
こたろうやま,,,,
小太郎山,山梨県,赤石山脈北部,2725m,35度42分03秒
138度14分24秒,小太郎岳,,,
きただけ,,,,
北岳,山梨県,赤石山脈北部（白根山）,3193m,35度40分28秒
138度14分20秒,測定点,Ｈ16現地計測による標高改定,,
あいのだけ,,,,
間ノ岳,山梨県 静岡県,赤石山脈北部（白根山）,3190m,35度38分46秒
138度13分42秒,相ノ岳,Ｈ26三角点標高改定,,
のうとりだけ<にしのうとりだけ>,,,,
農鳥岳<西農鳥岳>,山梨県 静岡県,赤石山脈北部（白根山）,3051m,35度37分29秒
138度13分49秒,標高点,,,
のうとりだけ,,,,
農鳥岳,山梨県 静岡県,赤石山脈北部（白根山）,3026m,35度37分16秒
138度14分13秒,農鳥山,,,
おおからまつやま,,,,
大唐松山,山梨県,赤石山脈北部,2561m,35度37分18秒
138度16分10秒,標高点,,,
ひろごうちだけ,,,,
広河内岳,山梨県 静岡県,赤石山脈北部,2895m,35度36分22秒
138度14分09秒,標高点,,,
おおかごだけ,,,,
大籠岳,山梨県 静岡県,赤石山脈北部,2767m,35度35分35秒
138度14分36秒,大籠,おおごもりだけ,,
ささやま,,,,
笹山,山梨県 静岡県,赤石山脈北部,2733m,35度34分16秒
138度14分38秒,標高点,黒河内岳（くろこうちだけ）,,
くろべいやま,,,,
黒檜山,長野県,赤石山脈北部,2541m,35度38分40秒
138度11分10秒,黒檜山,Ｈ26三角点標高改定,,
あべあらくらだけ,,,,
安倍荒倉岳,長野県 静岡県,赤石山脈北部,2693m,35度37分23秒
138度12分11秒,安部荒倉,,,
しんじゃぬけやま,,,,
新蛇抜山,長野県 静岡県,赤石山脈北部,2667m,35度36分26秒
138度12分19秒,標高点,,,
きたあらかわだけ,,,,
北荒川岳,長野県,赤石山脈北部,2698m,35度35分41秒
138度11分40秒,伊那荒倉,,,
しおみだけ,,,,
塩見岳,長野県 静岡県,赤石山脈北部,3052m,35度34分23秒
138度11分01秒,標高点,R2写真測量による標高改定,,
こうもりだけ,,,,
蝙蝠岳,静岡県,赤石山脈北部,2865m,35度33分25秒
138度12分26秒,中俣,,,
とくえもんだけ,,,,
徳右衛門岳,静岡県,赤石山脈北部,2599m,35度32分22秒
138度13分35秒,飛瀬,,,
ほんたにやま,,,,
本谷山,長野県 静岡県,赤石山脈北部,2658m,35度34分15秒
138度09分06秒,黒川,,,
とくらやま（いなふじ）,,,,
戸倉山（伊那富士）,長野県,赤石山脈北部,1681m,35度44分42秒
138度03分07秒,戸倉山,,,
えぼしだけ,,,,
烏帽子岳,長野県 静岡県,赤石山脈南部,2726m,35度33分13秒
138度09分13秒,標高点,,,
こごうちだけ,,,,
小河内岳,長野県 静岡県,赤石山脈南部,2802m,35度32分16秒
138度09分11秒,小河内,,,
こひかげやま,,,,
小日影山,長野県,赤石山脈南部,2506m,35度31分31秒
138度07分35秒,小日影山,Ｈ26三角点標高改定,,
おおひかげやま,,,,
大日影山,長野県 静岡県,赤石山脈南部,2573m,35度31分20秒
138度08分18秒,標高点,,,
いたやだけ,,,,
板屋岳,長野県 静岡県,赤石山脈南部,2646m,35度31分05秒
138度08分46秒,標高点,,,
ひがしだけ（わるさわだけ）,,,,
東岳（悪沢岳）,静岡県,赤石山脈南部,3141m,35度30分03秒
138度10分57秒,標高点,あずまだけ　荒川東岳（あらかわひがしだけ）,,
あらかわだけ<なかだけ>,,,,
荒川岳<中岳>,静岡県,赤石山脈南部,3084m,35度29分48秒
138度10分01秒,荒川岳,Ｈ26三角点標高改定,,
あらかわだけ<まえだけ>,,,,
荒川岳<前岳>,長野県 静岡県,赤石山脈南部,3068m,35度29分39秒
138度09分51秒,標高点,,,
あかいしだけ,,,,
赤石岳,長野県 静岡県,赤石山脈南部,3121m,35度27分40秒
138度09分26秒,赤石岳,Ｈ26三角点標高改定,,
おくちゃうすやま,,,,
奥茶臼山,長野県,赤石山脈南部,2474m,35度29分06秒
138度04分09秒,奥茶臼山,,,
きめんざん,,,,
鬼面山,長野県,赤石山脈南部,1890m,35度29分31秒
137度59分25秒,鬼面山,Ｈ26三角点標高改定,,
おおさわだけ,,,,
大沢岳,長野県 静岡県,赤石山脈南部,2820m,35度26分56秒
138度07分13秒,大沢岳,Ｈ26三角点標高改定,,
なかもりまるやま,,,,
中盛丸山,長野県 静岡県,赤石山脈南部,2807m,35度26分34秒
138度07分19秒,標高点,,,
うさぎだけ,,,,
兎岳,長野県 静岡県,赤石山脈南部,2818m,35度25分43秒
138度07分16秒,標高点,,,
ひじりだけ<まえひじりだけ>,,,,
聖岳<前聖岳>,長野県 静岡県,赤石山脈南部,3013m,35度25分22秒
138度08分23秒,標高点,,,
かみこうちだけ,,,,
上河内岳,静岡県,赤石山脈南部,2803m,35度23分23秒
138度09分10秒,上河内岳,,,
ちゃうすだけ,,,,
茶臼岳,長野県 静岡県,赤石山脈南部,2604m,35度22分09秒
138度08分26秒,標高点,,,
にっただけ,,,,
仁田岳,静岡県,赤石山脈南部,2524m,35度21分39秒
138度07分38秒,仁田岳,,,
てかりだけ,,,,
光岳,静岡県 長野県,赤石山脈南部,2592m,35度20分17秒
138度05分02秒,光岳,Ｈ26三角点標高改定,,
いけぐちだけ,,,,
池口岳,長野県 静岡県,赤石山脈南部,2392m,35度19分49秒
138度02分18秒,標高点,,,
しらくらやま,,,,
白倉山,長野県 静岡県,赤石山脈南部,1851m,35度18分06秒
137度59分32秒,標高点,,,
くまぶしやま,,,,
熊伏山,長野県,赤石山脈南部,1654m,35度15分48秒
137度53分42秒,熊伏山,Ｈ26三角点標高改定,,
だいむげんざん,,,,
大無間山,静岡県,赤石山脈南部,2330m,35度15分22秒
138度09分42秒,大無間山,だいむけんざん　Ｈ26三角点標高改定,,
ふどうがたけ,,,,
不動岳,静岡県,赤石山脈南部,2172m,35度14分08秒
138度02分28秒,不動ケ岳,Ｈ26三角点標高改定,,
くろぼうしがたけ,,,,
黒法師岳,静岡県,赤石山脈南部,2068m,35度11分46秒
138度01分46秒,黒法師岳,Ｈ26三角点標高改定,,
そばつぶやま,,,,
蕎麦粒山,静岡県,赤石山脈南部,1627m,35度07分34秒
138度02分07秒,川東,,,
たかつかやま,,,,
高塚山,静岡県,赤石山脈南部,1621m,35度06分56秒
138度00分13秒,京丸山,,,
きょうまるやま,,,,
京丸山,静岡県,赤石山脈南部,1470m,35度05分46秒
137度57分57秒,堂木,Ｈ26三角点標高改定,,
あきはさん,,,,
秋葉山,静岡県,赤石山脈南部,885m,34度58分54秒
137度51分58秒,標高点,,,
はっこうさん,,,,
八高山,静岡県,赤石山脈南部,832m,34度54分27秒
138度03分24秒,八高山,,,
ざるがたけ,,,,
笊ヶ岳,山梨県 静岡県,赤石山脈南部,2629m,35度25分27秒
138度15分34秒,笊ケ岳,,,
ぬのびきやま,,,,
布引山,山梨県 静岡県,赤石山脈南部,2584m,35度24分31秒
138度15分30秒,大布引,千挺木山（せんちょうぎやま）,,
あおなぎやま,,,,
青薙山,静岡県,赤石山脈南部,2406m,35度22分11秒
138度13分43秒,青薙岳,,,
みのぶさん,,,,
身延山,山梨県,身延山地,1153m,35度23分51秒
138度24分59秒,標高点,,,
しちめんざん,,,,
七面山,山梨県,身延山地,1989m,35度22分10秒
138度20分56秒,標高点,,,
やんぶし,,,,
山伏,山梨県 静岡県,身延山地,2013m,35度18分16秒
138度17分07秒,山伏峠,Ｈ22三角点改測,,
じゅうまいざん,,,,
十枚山,静岡県 山梨県,身延山地,1726m,35度15分13秒
138度22分41秒,標高点,,,
しのいさん,,,,
篠井山,山梨県,身延山地,1394m,35度14分52秒
138度25分35秒,篠井山,,,
[たかどっきょう],,,,
[高ドッキョウ],山梨県 静岡県,身延山地,1133m,35度10分43秒
138度26分17秒,大平村,Ｈ26三角点標高改定,,
りゅうそうざん,,,,
竜爪山,静岡県,身延山地,1051m,35度05分18秒
138度24分13秒,標高点,,,
くのうざん,,,,
久能山,静岡県,身延山地,216m,34度57分58秒
138度28分05秒,標高点,,,
ちゃうすやま,,,,
茶臼山,長野県 愛知県,美濃・三河高原,1416m,35度13分39秒
137度39分20秒,茶臼山,Ｈ26三角点標高改定,,
たかのすやま,,,,
鷹ノ巣山,愛知県,美濃・三河高原,1153m,35度09分09秒
137度29分42秒,段戸山１,Ｈ26三角点標高改定　山名変更：Ｈ17関係自治体からの申請による,,
ほうらいじさん,,,,
鳳来寺山,愛知県,美濃・三河高原,695m,34度59分03秒
137度34分58秒,標高点,,,
ほんぐうさん,,,,
本宮山,愛知県,美濃・三河高原,789m,34度54分35秒
137度25分14秒,三本宮山,,,
さなげやま,,,,
猿投山,愛知県,美濃・三河高原,629m,35度12分21秒
137度10分01秒,猿投山,,,
きんかざん,,,,
金華山,岐阜県,美濃・三河高原,329m,35度26分00秒
136度46分53秒,金花山,,,
ほうりゅうざん,,,,
宝立山,石川県,能登半島,471m,37度25分43秒
137度09分45秒,標高点,,,
はちぶせやま,,,,
鉢伏山,石川県,能登半島,544m,37度22分40秒
136度58分15秒,鉢伏山,,,
せきどうさん,,,,
石動山,石川県,宝達丘陵,564m,36度57分56秒
136度58分15秒,標高点,,,
ほうだつさん,,,,
宝達山,石川県,宝達丘陵,637m,36度46分55秒
136度48分47秒,宝達山,,,
ふたがみやま,,,,
二上山,富山県,宝達丘陵,274m,36度47分24秒
137度00分55秒,標高点,,,
うしだけ,,,,
牛岳,富山県,ひだ 高地,987m,36度32分28秒
137度01分54秒,鍬崎,,,
しらきみね,,,,
白木峰,富山県 岐阜県,ひだ 高地,1596m,36度24分56秒
137度06分44秒,標高点,,,
こんごうどうざん,,,,
金剛堂山,富山県,ひだ 高地,1650m,36度22分44秒
137度02分56秒,標高点,,,
にんぎょうやま,,,,
人形山,岐阜県 富山県,ひだ 高地,1726m,36度20分56秒
136度56分23秒,標高点,,,
みつがつじやま,,,,
三ヶ辻山,岐阜県,ひだ 高地,1764m,36度20分17秒
136度57分00秒,三ケ辻,,,
さるがばばやま,,,,
猿ヶ馬場山,岐阜県,ひだ 高地,1875m,36度13分33秒
136度56分34秒,標高点,さるがばんばやま,,
ごぜんだけ,,,,
御前岳,岐阜県,ひだ 高地,1816m,36度11分53秒
136度57分37秒,御前岳,,,
おおあまみやま,,,,
大雨見山,岐阜県,ひだ 高地,1336m,36度15分12秒
137度17分55秒,大雨見山,,,
くらいやま,,,,
位山,岐阜県,ひだ 高地,1529m,36度02分18秒
137度11分48秒,位山,,,
かおれだけ,,,,
川上岳,岐阜県,ひだ 高地,1625m,36度00分30秒
137度08分58秒,兎馬場,Ｈ26三角点標高改定,,
わしがたけ,,,,
鷲ヶ岳,岐阜県,ひだ 高地,1671m,35度56分25秒
136度58分17秒,鷲ケ岳,Ｈ20三角点標高改定,,
やおとめやま,,,,
八乙女山,富山県,白山山地,756m,36度32分26秒
136度58分59秒,標高点,,,
たかしょうずやま,,,,
高清水山,富山県,白山山地,1145m,36度28分38秒
136度56分34秒,標高点,,,
いおうぜん<おくいおうぜん>,,,,
医王山<奥医王山>,富山県 石川県,白山山地,939m,36度30分46秒
136度47分46秒,医王山,山頂名追加：Ｈ5関係自治体からの申請による,,
くちさんぼうだけ,,,,
口三方岳,石川県,白山山地,1269m,36度22分24秒
136度42分56秒,板尾,,,
たかさぶろうやま,,,,
高三郎山,石川県,白山山地,1445m,36度22分16秒
136度46分25秒,標高点,,,
だいもんざん,,,,
大門山,富山県 石川県,白山山地,1572m,36度21分55秒
136度48分13秒,大門山,,,
おおがさやま,,,,
大笠山,富山県 石川県,白山山地,1822m,36度19分14秒
136度47分23秒,大笠山,,,
おいずるがだけ,,,,
笈ヶ岳,富山県 石川県 岐阜県,白山山地,1841m,36度17分55秒
136度47分32秒,笈岳,,,
さんぽういわだけ,,,,
三方岩岳,石川県 岐阜県,白山山地,1736m,36度15分29秒
136度50分40秒,標高点,,,
さんぽうくずれやま,,,,
三方崩山,岐阜県,白山山地,2059m,36度10分44秒
136度51分37秒,三方崩岳,,,
ななくらやま,,,,
七倉山,石川県,白山山地,2557m,36度10分16秒
136度45分31秒,標高点,,,
はくさん<ごぜんがみね>,,,,
白山<御前峰>,石川県 岐阜県,白山山地,2702m,36度09分18秒
136度46分17秒,白山,,,
はくさんしゃかだけ,,,,
白山釈迦岳,石川県,白山山地,2053m,36度09分08秒
136度44分08秒,釈伽岳,,,
べっさん,,,,
別山,石川県 岐阜県,白山山地,2399m,36度06分20秒
136度45分57秒,別山,,,
がんきょうじやま,,,,
願教寺山,福井県 岐阜県,白山山地,1691m,36度03分25秒
136度44分23秒,願教寺山,,,
のぶせがだけ,,,,
野伏ヶ岳,岐阜県 福井県,白山山地,1674m,36度00分46秒
136度43分57秒,野伏,,,
だいにちがたけ,,,,
大日ヶ岳,岐阜県,白山山地,1709m,36度00分05秒
136度50分16秒,大日ケ岳,,,
あかうさぎやま,,,,
赤兎山,福井県 石川県,白山山地,1629m,36度04分03秒
136度39分43秒,赤鬼山,あかとやま,,
きょうがだけ,,,,
経ヶ岳,福井県,白山山地,1625m,36度02分47秒
136度37分19秒,経ケ岳,,,
わっそうがたけ,,,,
鷲走ヶ岳,石川県,白山山地,1097m,36度15分57秒
136度36分56秒,高尾山,,,
だいにちざん,,,,
大日山,石川県,白山山地,1368m,36度09分43秒
136度29分35秒,標高点,,,
ふじしゃがだけ,,,,
富士写ヶ岳,石川県,白山山地,942m,36度11分19秒
136度21分50秒,富士写ヶ岳,,,
じょうほうじやま,,,,
浄法寺山,福井県,白山山地,1053m,36度07分30秒
136度23分34秒,浄法寺山,,,
くにみだけ,,,,
国見岳,福井県,越美・伊吹山地,656m,36度04分45秒
136度05分02秒,国見岳,,,
ひのさん,,,,
日野山,福井県,越美・伊吹山地,794m,35度51分33秒
136度12分27秒,日野山,,,
へこさん,,,,
部子山,福井県,越美・伊吹山地,1464m,35度53分10秒
136度26分21秒,部子山,,,
あらしまだけ,,,,
荒島岳,福井県,越美・伊吹山地,1523m,35度56分03秒
136度36分05秒,荒島山,,,
へいけがだけ,,,,
平家岳,福井県,越美・伊吹山地,1442m,35度48分36秒
136度43分08秒,平家岳,,,
こうがさん,,,,
高賀山,岐阜県,越美・伊吹山地,1224m,35度40分19秒
136度51分33秒,高賀山,,,
びょうぶざん,,,,
びょうぶざん,福井県 岐阜県,越美・伊吹山地,1354m,35度47分49秒
136度37分36秒,屏風山,,,
うばがたけ,,,,
姥ヶ岳,福井県,越美・伊吹山地,1454m,35度48分34秒
136度30分21秒,小沢,,,
のうごうはくさん（ごんげんさん）,,,,
能郷白山（権現山）,岐阜県,越美・伊吹山地,1617m,35度45分45秒
136度30分51秒,能郷白山,,,
かんむりやま,,,,
冠山,福井県 岐阜県,越美・伊吹山地,1257m,35度46分47秒
136度24分34秒,冠山,,,
さんしゅうがたけ,,,,
三周ヶ岳,岐阜県,越美・伊吹山地,1292m,35度41分01秒
136度18分00秒,三周岳,,,
かなくそだけ,,,,
金糞岳,岐阜県 滋賀県,越美・伊吹山地,1317m,35度33分00秒
136度20分14秒,標高点,,,
いぶきやま,,,,
伊吹山,滋賀県,越美・伊吹山地,1377m,35度25分04秒
136度24分23秒,伊吹山,,,
りょうぜんざん,,,,
霊仙山,滋賀県,鈴鹿・布引山地,1094m,35度16分45秒
136度22分53秒,標高点,,,
しょうがだけ,,,,
笙ヶ岳,岐阜県,鈴鹿・布引山地,908m,35度17分01秒
136度30分40秒,笙ケ岳,,,
ようろうさん,,,,
養老山,岐阜県,鈴鹿・布引山地,859m,35度15分47秒
136度31分24秒,養老山,,,
おいけだけ,,,,
御池岳,滋賀県,鈴鹿・布引山地,1247m,35度10分43秒
136度24分54秒,標高点,,,
りゅうがだけ,,,,
竜ヶ岳,滋賀県 三重県,鈴鹿・布引山地,1099m,35度07分10秒
136度26分43秒,竜ケ岳,Ｈ21三角点標高改定,,
ございしょやま,,,,
御在所山,滋賀県 三重県,鈴鹿・布引山地,1212m,35度01分14秒
136度25分04秒,標高点,,,
あまごいだけ,,,,
雨乞岳,滋賀県,鈴鹿・布引山地,1238m,35度01分16秒
136度23分03秒,雨乞岳,,,
たかはたやま,,,,
高畑山,三重県 滋賀県,鈴鹿・布引山地,773m,34度53分23秒
136度19分15秒,山中村,,,
れいさん,,,,
霊山,三重県,鈴鹿・布引山地,766m,34度49分02秒
136度15分38秒,霊山,Ｈ26三角点標高改定,,
きょうがみね,,,,
経が峰,三重県,鈴鹿・布引山地,819m,34度45分59秒
136度22分28秒,経ケ峰,,,
かさとりやま,,,,
笠取山,三重県,鈴鹿・布引山地,842m,34度44分03秒
136度17分48秒,標高点,,,
ぶながだけ,,,,
武奈ヶ岳,滋賀県,琵琶湖周辺,1214m,35度15分53秒
135度53分49秒,武那岳,自治体からの申請による,,
みなこやま,,,,
皆子山,京都府 滋賀県,琵琶湖周辺,971m,35度12分08秒
135度50分07秒,葛川,Ｈ26三角点標高改定,,
ほうらいさん,,,,
蓬莱山,滋賀県,琵琶湖周辺,1174m,35度12分34秒
135度53分09秒,比良ケ岳,,,
ひえいざん<だいひえい>,,,,
比叡山<大比叡>,滋賀県 京都府,琵琶湖周辺,848m,35度03分57秒
135度50分04秒,比叡山,,,
おとわやま,,,,
音羽山,京都府,琵琶湖周辺,593m,34度58分37秒
135度51分11秒,小山,,,
みかみやま,,,,
三上山,滋賀県,琵琶湖周辺,432m,35度03分02秒
136度02分16秒,標高点,,,
じゅうぶざん,,,,
鷲峰山,京都府,笠置山地,682m,34度49分50秒
135度54分30秒,標高点,,,
かさぎやま,,,,
笠置山,京都府,笠置山地,324m,34度45分07秒
135度57分02秒,笠置山,,,
わかくさやま（みかさやま）,,,,
若草山（三笠山）,奈良県,笠置山地,342m,34度41分28秒
135度51分16秒,三笠山,,,
みわやま,,,,
三輪山,奈良県,笠置山地,467m,34度32分06秒
135度52分01秒,三輪山,,,
みみなしやま,,,,
耳成山,奈良県,奈良盆地,139m,34度30分53秒
135度48分19秒,耳成山,Ｈ13三角点改測,,
あまのかぐやま,,,,
天香久山,奈良県,奈良盆地,152m,34度29分45秒
135度49分06秒,標高点,,,
うねびやま,,,,
畝傍山,奈良県,奈良盆地,199m,34度29分33秒
135度47分05秒,畝傍山,,,
いこまやま,,,,
生駒山,大阪府 奈良県,生駒・金剛・和泉山地,642m,34度40分42秒
135度40分44秒,生駒山,,,
しぎさん,,,,
信貴山,奈良県,生駒・金剛・和泉山地,437m,34度36分46秒
135度40分06秒,標高点,,,
にじょうさん<おだけ>,,,,
二上山<雄岳>,奈良県,生駒・金剛・和泉山地,517m,34度31分33秒
135度40分39秒,標高点,,,
かつらぎさん,,,,
葛城山,奈良県 大阪府,生駒・金剛・和泉山地,959m,34度27分22秒
135度40分56秒,篠峰山,,,
こんごうざん,,,,
金剛山,奈良県,生駒・金剛・和泉山地,1125m,34度25分10秒
135度40分23秒,標高点,,,
いわわきさん,,,,
岩湧山,大阪府,生駒・金剛・和泉山地,897m,34度22分27秒
135度33分04秒,岩湧山,,,
かつらぎさん,,,,
葛城山,大阪府 和歌山県,生駒・金剛・和泉山地,858m,34度20分53秒
135度26分04秒,標高点,,,
そせきざん,,,,
俎石山,和歌山県 大阪府,生駒・金剛・和泉山地,420m,34度18分30秒
135度12分28秒,俎石山,,,
ほっさかさん,,,,
堀坂山,三重県,高見山地,757m,34度32分48秒
136度25分58秒,堀坂山,,,
あまがだけ,,,,
尼ケ岳,三重県,高見山地,957m,34度33分27秒
136度13分11秒,尼ケ岳,Ｈ21三角点標高改定,,
くろそやま,,,,
倶留尊山,三重県 奈良県,高見山地,1037m,34度31分51秒
136度10分13秒,具留尊山,Ｈ21三角点標高改定,,
つぼねがだけ,,,,
局ヶ岳,三重県,高見山地,1029m,34度27分38秒
136度19分37秒,局岳,,,
みうねやま,,,,
三峰山,三重県 奈良県,高見山地,1235m,34度26分55秒
136度12分23秒,三嶺山,,,
たかみやま,,,,
高見山,三重県 奈良県,高見山地,1248m,34度25分43秒
136度05分18秒,高見山,,,
りゅうもんがだけ,,,,
竜門岳,奈良県,高見山地,904m,34度26分26秒
135度53分52秒,竜門岳,竜門山（りゅうもんざん）,,
あさまがたけ,,,,
朝熊ヶ岳,三重県,紀伊山地東部,555m,34度27分40秒
136度46分53秒,標高点,,,
ななほらがたけ,,,,
七洞岳,三重県,紀伊山地東部,778m,34度22分23秒
136度30分57秒,白岩峰,,,
まよいだけ,,,,
迷岳,三重県,紀伊山地東部（大台原山とその周辺）,1309m,34度21分00秒
136度12分27秒,迷ケ岳,,,
くにみやま,,,,
国見山,三重県 奈良県,紀伊山地東部（大台原山とその周辺）,1419m,34度22分33秒
136度05分12秒,青俣山,,,
いけごややま,,,,
池木屋山,三重県 奈良県,紀伊山地東部（大台原山とその周辺）,1396m,34度18分58秒
136度07分46秒,中奥,,,
しらひげだけ,,,,
白鬚岳,奈良県,紀伊山地東部（大台原山とその周辺）,1378m,34度17分35秒
136度02分49秒,神ノ谷,,,
おおだいがはらざん<ひのでがたけ>,,,,
大台ヶ原山<日出ヶ岳>,奈良県 三重県,紀伊山地東部（大台原山とその周辺）,1695m,34度11分07秒
136度06分33秒,大台ケ原山,おおだいがはらやま＜ひでがたけ＞,,
さんじょうがたけ,,,,
山上ヶ岳,奈良県,紀伊山地東部（大峰山脈）,1719m,34度15分09秒
135度56分28秒,大峰山上,,,
だいふげんだけ,,,,
大普賢岳,奈良県,紀伊山地東部（大峰山脈）,1780m,34度13分40秒
135度57分46秒,普賢森,,,
みせん,,,,
弥山,奈良県,紀伊山地東部（大峰山脈）,1895m,34度10分48秒
135度54分34秒,標高点,,,
はっきょうがだけ,,,,
八経ヶ岳,奈良県,紀伊山地東部（大峰山脈）,1915m,34度10分25秒
135度54分27秒,彌仙山,山名変更：Ｈ18関係自治体からの申請による,,
ぶっしょうがだけ,,,,
仏生嶽,奈良県,紀伊山地東部（大峰山脈）,1805m,34度08分04秒
135度54分47秒,佛生岳,,,
しゃかがだけ,,,,
釈迦ヶ岳,奈良県,紀伊山地東部（大峰山脈）,1800m,34度06分52秒
135度54分11秒,釈迦ケ岳,,,
ねはんだけ,,,,
涅槃岳,奈良県,紀伊山地東部（大峰山脈）,1376m,34度03分30秒
135度53分49秒,赤井谷,,,
かさすてやま,,,,
笠捨山,奈良県,紀伊山地東部（大峰山脈）,1353m,33度58分58秒
135度53分54秒,笠捨山,Ｈ21三角点標高改定,,
たまきやま,,,,
玉置山,奈良県,紀伊山地東部（大峰山脈）,1077m,33度55分36秒
135度49分54秒,玉置山,Ｈ21三角点標高改定,,
たかみねさん,,,,
高峰山,三重県,紀伊山地東部,1045m,34度01分55秒
136度08分50秒,高小屋山,,,
ねのとまりやま,,,,
子ノ泊山,三重県,紀伊山地東部,907m,33度47分40秒
135度55分50秒,子ノ泊山,,,
りゅうもんざん,,,,
龍門山,和歌山県,紀伊山地西部,756m,34度14分17秒
135度24分41秒,竜門山,,,
おいしがみね,,,,
生石ヶ峰,和歌山県,紀伊山地西部,870m,34度06分18秒
135度20分03秒,生石山,,,
しらまやま,,,,
白馬山,和歌山県,紀伊山地西部,957m,34度00分57秒
135度22分20秒,白馬岳,,,
おばこだけ,,,,
伯母子岳,奈良県,紀伊山地西部,1344m,34度04分39秒
135度39分03秒,標高点,,,
ごまだんざん,,,,
護摩壇山,奈良県 和歌山県,紀伊山地西部,1372m,34度03分27秒
135度34分01秒,標高点,ごまだんやま,,
うしまわしやま,,,,
牛廻山,奈良県 和歌山県,紀伊山地西部,1207m,33度56分56秒
135度37分53秒,上湯川,,,
ひやみずやま,,,,
冷水山,奈良県,紀伊山地西部,1262m,33度53分57秒
135度39分10秒,果無山,,,
おおとうざん,,,,
大塔山,和歌山県,紀伊山地西部,1122m,33度43分37秒
135度42分50秒,大塔山,,,
ほうしやま,,,,
法師山,和歌山県,紀伊山地西部,1121m,33度43分33秒
135度39分55秒,法師ノ森,Ｈ17三角点改測,,
なちさん<えぼしやま>,,,,
那智山<烏帽子山>,和歌山県,紀伊山地西部,910m,33度41分46秒
135度54分03秒,帽子石山,Ｈ21三角点標高改定,,
ぜんじのもりやま,,,,
善司ノ森山,和歌山県,紀伊山地西部,591m,33度35分37秒
135度32分49秒,善司ノ森,,,
のさかだけ,,,,
野坂岳,福井県,丹波高地,913m,35度35分23秒
136度01分29秒,野坂岳,Ｈ26三角点標高改定,,
くもだにやま,,,,
雲谷山,福井県,丹波高地,786m,35度33分28秒
135度56分42秒,雲谷,Ｈ26三角点標高改定,,
くすやがだけ,,,,
久須夜ヶ岳,福井県,丹波高地,619m,35度33分27秒
135度44分01秒,久須夜ケ岳,,,
ひゃくりがだけ,,,,
百里ヶ岳,福井県 滋賀県,丹波高地,931m,35度23分30秒
135度48分36秒,木地山,,,
はんせいざん,,,,
飯盛山,福井県,丹波高地,584m,35度27分07秒
135度39分36秒,飯盛山,,,
あおばやま,,,,
青葉山,福井県,丹波高地,693m,35度30分18秒
135度29分02秒,標高点,,,
とうきんざん,,,,
頭巾山,福井県 京都府,丹波高地,871m,35度22分39秒
135度32分04秒,納田終村,ときんやま,,
ちょうろうがだけ,,,,
長老ヶ岳,京都府,丹波高地,917m,35度18分12秒
135度28分26秒,長老ケ岳,,,
さじきがだけ,,,,
桟敷ヶ岳,京都府,丹波高地,896m,35度09分33秒
135度43分02秒,桟敷岳,,,
あたごやま,,,,
愛宕山,京都府,丹波高地,924m,35度03分37秒
135度38分03秒,標高点,,,
ぽんぽんやま,,,,
ポンポン山,京都府 大阪府,丹波高地,679m,34度56分07秒
135度37分26秒,加茂勢山,,,
みょうけんさん,,,,
妙見山,大阪府 兵庫県,丹波高地,660m,34度55分44秒
135度28分02秒,妙見山,,,
うたがきやま,,,,
歌垣山,大阪府,丹波高地,553m,34度58分27秒
135度28分36秒,倉垣１,,,
けんびさん,,,,
剣尾山,大阪府,丹波高地,784m,35度00分13秒
135度24分14秒,標高点,,,
みたけ,,,,
三嶽,兵庫県,丹波高地,793m,35度07分38秒
135度14分42秒,御岳山,,,
しらがだけ,,,,
白髪岳,兵庫県,丹波高地,722m,35度02分46秒
135度08分05秒,白髪岳,,,
たいこやま,,,,
太鼓山,京都府,丹波高地,683m,35度41分43秒
135度12分15秒,太鼓山,,,
いさなごさん,,,,
磯砂山,京都府,丹波高地,661m,35度32分55秒
135度02分17秒,磯砂山,,,
おおえやま（せんじょうがたけ）,,,,
大江山（千丈ヶ嶽）,京都府,丹波高地,832m,35度27分12秒
135度06分24秒,千丈ケ岳,Ｈ26三角点標高改定,,
ひがしとこのおさん,,,,
東床尾山,兵庫県,丹波高地,839m,35度25分19秒
134度54分57秒,床ノ尾山,,,
くるひだけ,,,,
来日岳,兵庫県,丹波高地,567m,35度36分43秒
134度47分08秒,来日山,,,
ろっこうさん,,,,
六甲山,兵庫県,六甲山地,931m,34度46分41秒
135度15分49秒,六甲山,,,
まやさん,,,,
摩耶山,兵庫県,六甲山地,702m,34度43分59秒
135度12分15秒,標高点,,,
みょうけんやま,,,,
妙見山,兵庫県,淡路島,522m,34度29分50秒
134度56分36秒,標高点,,,
ゆづるはさん,,,,
諭鶴羽山,兵庫県,淡路島,608m,34度14分06秒
134度48分51秒,諭鶴羽山,,,
あわがやま,,,,
粟鹿山,兵庫県,中国山地東部,962m,35度16分22秒
134度54分56秒,粟鹿山,,,
せんがみね,,,,
千ヶ峰,兵庫県,中国山地東部,1005m,35度08分41秒
134度53分02秒,千ケ峰,,,
かさがたやま,,,,
笠形山,兵庫県,中国山地東部,939m,35度03分51秒
134度50分05秒,笠形山,,,
くとやま,,,,
久斗山,兵庫県,中国山地東部,650m,35度37分16秒
134度33分46秒,標高点,,,
そぶがたけ,,,,
蘇武岳,兵庫県,中国山地東部,1074m,35度28分15秒
134度38分17秒,蘇武滝山,,,
みょうけんやま,,,,
妙見山,兵庫県,中国山地東部,1139m,35度24分38秒
134度38分38秒,標高点,,,
ふじなしやま,,,,
藤無山,兵庫県,中国山地東部,1139m,35度16分00秒
134度36分02秒,三本杉,,,
だんがみね,,,,
段ヶ峰,兵庫県,中国山地東部,1103m,35度11分30秒
134度43分39秒,段ケ峰,,,
せっぴこさん,,,,
雪彦山,兵庫県,中国山地東部,915m,35度04分22秒
134度39分04秒,雪彦山,,,
おうぎのせん,,,,
扇ノ山,鳥取県,中国山地東部,1310m,35度26分23秒
134度26分27秒,扇ノ山,,,
はちぶせやま,,,,
鉢伏山,兵庫県,中国山地東部,1222m,35度23分43秒
134度32分11秒,鉢伏,Ｈ19三角点再設置,,
ひょうのせん（すがのせん）,,,,
氷ノ山（須賀ノ山）,兵庫県 鳥取県,中国山地東部,1510m,35度21分14秒
134度30分50秒,氷ノ山,,,
みむろやま,,,,
三室山,兵庫県 鳥取県,中国山地東部,1358m,35度14分12秒
134度27分46秒,三室山,,,
とうせん,,,,
東山,鳥取県,中国山地東部,1388m,35度17分32秒
134度22分59秒,藤仙山,,,
おきのやま,,,,
沖ノ山,鳥取県,中国山地東部,1318m,35度14分53秒
134度21分24秒,中原,,,
うしろやま,,,,
後山,岡山県 兵庫県,中国山地東部,1344m,35度11分13秒
134度24分40秒,後山,Ｈ26三角点標高改定,,
なぎさん,,,,
那岐山,鳥取県 岡山県,中国山地東部,1255m,35度10分18秒
134度10分49秒,測定点,Ｈ13現地測量による標高改定,,
しょしゃざん,,,,
書写山,兵庫県,吉備高原東部,371m,34度53分34秒
134度39分23秒,標高点,,,
しらはたやま,,,,
白旗山,兵庫県,吉備高原東部,440m,34度54分30秒
134度22分51秒,白旗山,,,
はっとうじさん,,,,
八塔寺山,岡山県,吉備高原東部,538m,34度55分23秒
134度15分08秒,八塔寺山,Ｈ26三角点標高改定,,
かなやま,,,,
金山,岡山県,吉備高原東部,499m,34度44分41秒
133度56分27秒,金山,Ｈ26三角点標高改定,,
おおひらやま,,,,
大平山,岡山県,吉備高原東部,698m,34度53分56秒
133度42分25秒,大平山,,,
だいまんじさん,,,,
大満寺山,島根県,隠岐,608m,36度15分24秒
133度19分50秒,大満寺山,,,
たくひやま,,,,
焼火山,島根県,隠岐,452m,36度04分29秒
133度01分55秒,焼火山,,,
あさひやま,,,,
朝日山,島根県,島根半島,344m,35度30分28秒
132度58分35秒,標高点,,,
はなたかせん,,,,
鼻高山,島根県,島根半島,536m,35度24分45秒
132度45分10秒,鼻高山,,,
たかはちやま,,,,
高鉢山,鳥取県,中国山地中部,1203m,35度21分37秒
134度03分04秒,標高点,,,
はなちがせん,,,,
花知ヶ仙,岡山県,中国山地中部,1247m,35度15分34秒
133度58分30秒,花知山,,,
つぐろせん,,,,
津黒山,岡山県,中国山地中部,1118m,35度15分07秒
133度48分54秒,津黒山,つぐろやま,,
ひるぜん<かみひるぜん>,,,,
蒜山<上蒜山>,鳥取県 岡山県,中国山地中部,1202m,35度19分30秒
133度39分48秒,標高点,,,
やはずがせん,,,,
矢筈ヶ山,鳥取県,中国山地中部,1358m,35度23分12秒
133度34分51秒,二子山,Ｈ12三角点改測,,
だいせん<けんがみね>,,,,
大山<剣ヶ峰>,鳥取県,中国山地中部,1729m,35度22分16秒
133度32分46秒,標高点,＜弥山＞の標高は1709m,,
からすがせん,,,,
烏ヶ山,鳥取県,中国山地中部,1448m,35度21分21秒
133度34分13秒,標高点,,,
けなしがせん,,,,
毛無山,鳥取県 岡山県,中国山地中部,1219m,35度14分08秒
133度30分53秒,田浪,Ｈ26三角点標高改定,,
ほうぶつざん,,,,
宝仏山,鳥取県,中国山地中部,1005m,35度13分47秒
133度28分13秒,標高点,,,
ほしやま,,,,
星山,岡山県,中国山地中部,1030m,35度08分31秒
133度40分38秒,星山,,,
はなみやま,,,,
花見山,鳥取県 岡山県,中国山地中部,1188m,35度09分09秒
133度24分04秒,花見山,,,
おおくらやま,,,,
大倉山,鳥取県,中国山地中部,1112m,35度08分01秒
133度21分19秒,大倉山,,,
せんつうざん,,,,
船通山,島根県 鳥取県,中国山地中部,1142m,35度09分21秒
133度10分43秒,船通山,,,
どうごやま,,,,
道後山,広島県 鳥取県,中国山地中部,1271m,35度04分10秒
133度13分58秒,標高点,,,
ひばやま<たてえぼしやま>,,,,
比婆山<立烏帽子山>,広島県,中国山地中部,1299m,35度03分06秒
133度03分56秒,標高点,比婆山の最高峰,,
ひばやま<えぼしやま>,,,,
比婆山<烏帽子山>,広島県 島根県,中国山地中部,1225m,35度04分12秒
133度03分08秒,烏帽子山,,,
さるまさやま,,,,
猿政山,島根県 広島県,中国山地中部,1268m,35度04分53秒
132度58分04秒,猿政山,,,
おおよろぎやま,,,,
大万木山,島根県 広島県,中国山地中部,1218m,35度05分15秒
132度51分16秒,大万木山,,,
ことびきさん（みせん）,,,,
琴引山（弥山）,島根県,中国山地中部,1013m,35度02分53秒
132度46分57秒,琴引山,,,
さんべさん<おさんべさん>,,,,
三瓶山<男三瓶山>,島根県,中国山地中部,1126m,35度08分26秒
132度37分18秒,三瓶山,,,
おおえたかやま,,,,
大江高山,島根県,中国山地中部,808m,35度03分50秒
132度25分43秒,大江高山,,,
ほしのこやま,,,,
星居山,広島県,吉備高原西部,834m,34度44分53秒
133度13分18秒,星居山,Ｈ18三角点標高改測,,
だけやま,,,,
岳山,広島県,吉備高原西部,741m,34度38分56秒
133度09分24秒,標高点,,,
りゅうおうさん,,,,
龍王山,広島県,吉備高原西部,665m,34度27分21秒
133度05分00秒,八幡竜王山,,,
たかのすざん,,,,
鷹ノ巣山,広島県,吉備高原西部,922m,34度33分58秒
132度44分46秒,鷹巣山,,,
しらきやま,,,,
白木山,広島県,吉備高原西部,889m,34度31分17秒
132度34分32秒,白木山,,,
ごさそうざん,,,,
呉娑々宇山,広島県,吉備高原西部,682m,34度25分22秒
132度32分52秒,五八霜山,,,
のろさん（ぜんだなやま）,,,,
野呂山（膳棚山）,広島県,吉備高原西部,839m,34度15分44秒
132度39分58秒,野呂山,,,
かんざん,,,,
冠山,島根県,中国山地西部,863m,34度55分03秒
132度30分07秒,標高点,こうぶりやま,,
あさやま,,,,
阿佐山,島根県 広島県,中国山地西部,1218m,34度47分09秒
132度22分53秒,阿佐山,,,
てんぐいしやま,,,,
天狗石山,島根県 広島県,中国山地西部,1192m,34度47分32秒
132度20分34秒,天狗石,,,
うんげつやま,,,,
雲月山,島根県 広島県,中国山地西部,911m,34度48分08秒
132度14分20秒,雲月山,,,
おおさやま,,,,
大佐山,島根県 広島県,中国山地西部,1069m,34度44分52秒
132度12分05秒,大佐山,,,
がりゅうざん,,,,
臥龍山,広島県,中国山地西部,1223m,34度41分24秒
132度11分48秒,苅尾山,苅尾山（かりおさん）,,
しんにゅうざん,,,,
深入山,広島県,中国山地西部,1153m,34度39分00秒
132度12分24秒,新入山,,,
おそらかんざん,,,,
恐羅漢山,島根県 広島県,中国山地西部,1346m,34度35分44秒
132度07分47秒,羅漢,,,
じっぽうざん,,,,
十方山,広島県,中国山地西部,1328m,34度33分55秒
132度08分32秒,標高点,,,
おおみねやま,,,,
大峯山,広島県,中国山地西部,1050m,34度24分57秒
132度13分01秒,測定点,,,
かんむりやま,,,,
冠山,広島県,中国山地西部,1339m,34度28分07秒
132度04分34秒,冠山,,,
じゃくちさん,,,,
寂地山,山口県 島根県,中国山地西部,1337m,34度28分02秒
132度03分16秒,標高点,,,
あぞうじやま,,,,
安蔵寺山,島根県,中国山地西部,1263m,34度28分38秒
131度58分02秒,杉山,,,
こごろうさん,,,,
小五郎山,山口県,中国山地西部,1162m,34度25分01秒
132度00分31秒,小五郎,,,
らかんざん,,,,
羅漢山,山口県,中国山地西部,1109m,34度21分20秒
132度04分02秒,羅漢山,,,
すずのおおたにやま,,,,
鈴ノ大谷山,島根県,中国山地西部,1036m,34度22分36秒
131度50分21秒,大谷山,,,
へいけがだけ,,,,
平家ヶ岳,島根県 山口県,中国山地西部,1066m,34度19分06秒
131度53分59秒,平家岳,,,
ばふんがだけ,,,,
馬糞ヶ岳,山口県,中国山地西部,985m,34度15分02秒
131度53分47秒,馬糞ケ岳,,,
あざみがだけ,,,,
莇ヶ岳,山口県,中国山地西部,1004m,34度19分57秒
131度46分40秒,小河内,,,
あおのやま,,,,
青野山,島根県,中国山地西部,907m,34度27分44秒
131度47分53秒,青野山,Ｈ26三角点標高改定,,
とくさがみね,,,,
十種ヶ峰,山口県 島根県,中国山地西部,989m,34度26分18秒
131度41分43秒,徳佐ケ峰,,,
こうやま,,,,
高山,山口県,中国山地西部,533m,34度39分08秒
131度36分48秒,高山,,,
にしほうべんざん,,,,
西鳳翩山,山口県,中国山地西部,742m,34度12分39秒
131度24分34秒,西方便,,,
おおひらやま,,,,
大平山,山口県,中国山地西部,631m,34度04分24秒
131度37分49秒,牟礼山,,,
かつらぎさん,,,,
桂木山,山口県,中国山地西部,702m,34度18分19秒
131度18分10秒,四城ケ岳,,,
はなおやま,,,,
花尾山,山口県,中国山地西部,669m,34度17分02秒
131度13分16秒,花尾山,,,
てんじょうがだけ,,,,
天井ヶ岳,山口県,中国山地西部,691m,34度18分40秒
131度02分34秒,天上ケ岳,,,
くるそんざん（おだけ）,,,,
狗留孫山（御岳）,山口県,中国山地西部,616m,34度12分53秒
130度58分35秒,狗留孫山,,,
りゅうおうざん,,,,
竜王山,山口県,中国山地西部,614m,34度04分06秒
130度56分09秒,吉見竜王山,,,
けんそざん<ほしがじょうやま>,,,,
嶮岨山<星ヶ城山>,香川県,瀬戸内海（小豆島）,816m,34度30分55秒
134度19分03秒,星ケ城山,Ｈ26三角点標高改定,,
くまがみね,,,,
熊ヶ峰,広島県,瀬戸内海（福山南部）,438m,34度26分00秒
133度22分06秒,保ケ迫,,,
わしがとうざん,,,,
鷲ヶ頭山,愛媛県,瀬戸内海（大三島）,436m,34度14分21秒
133度01分17秒,鷲頭山,Ｈ26三角点標高改定,,
みせん,,,,
弥山,広島県,瀬戸内海（厳島）,535m,34度16分46秒
132度19分10秒,測定点,Ｈ17現地計測による標高改定,,
おおざさん,,,,
皇座山,山口県,瀬戸内海（柳井市南方）,526m,33度51分11秒
132度08分32秒,室津山,Ｈ26三角点標高改定,,
ごけんざん（やくりやま）,,,,
五剣山（八栗山）,香川県,讃岐山地とその周辺,375m,34度21分40秒
134度08分29秒,標高点,,,
おおひらやま,,,,
大平山,香川県,讃岐山地とその周辺,479m,34度19分47秒
133度57分09秒,新居,,,
いいのやま（さぬきふじ）,,,,
飯野山（讃岐富士）,香川県,讃岐山地とその周辺,422m,34度16分28秒
133度50分45秒,飯野山,,,
ぞうずさん<おおさやま>,,,,
象頭山<大麻山>,香川県,讃岐山地とその周辺,616m,34度11分48秒
133度47分19秒,大麻山,,,
やはずやま,,,,
矢筈山,香川県,讃岐山地とその周辺,789m,34度11分39秒
134度11分48秒,標高点,,,
おおたきやま,,,,
大滝山,香川県 徳島県,讃岐山地とその周辺,946m,34度07分24秒
134度07分37秒,標高点,,,
りゅうおうざん,,,,
竜王山,徳島県 香川県,讃岐山地とその周辺,1060m,34度06分56秒
134度02分54秒,阿波竜王,,,
だいせんざん,,,,
大川山,徳島県 香川県,讃岐山地とその周辺,1043m,34度06分55秒
133度56分23秒,大川山,,,
うんぺんじさん,,,,
雲辺寺山,香川県 徳島県,讃岐山地とその周辺,927m,34度02分07秒
133度43分23秒,標高点,,,
ひがしさんぽうがもり,,,,
東三方ヶ森,愛媛県,高縄山地,1233m,33度54分10秒
132度57分35秒,赤子谷,,,
たかなわさん,,,,
高縄山,愛媛県,高縄山地,986m,33度56分45秒
132度51分00秒,高縄山,,,
びざん,,,,
眉山,徳島県,四国山地東部,290m,34度03分40秒
134度30分59秒,標高点,,,
なかつみねやま,,,,
中津峰山,徳島県,四国山地東部,773m,33度57分45秒
134度30分34秒,中津峰,,,
たいりゅうじやま,,,,
太竜寺山,徳島県,四国山地東部,618m,33度52分27秒
134度31分11秒,標高点,,,
こうつざん,,,,
高越山,徳島県,四国山地東部（剣山地）,1133m,34度01分02秒
134度11分45秒,標高点,,,
くもそうやま,,,,
雲早山,徳島県,四国山地東部（剣山地）,1496m,33度54分21秒
134度17分41秒,雲早山,,,
やつらやま,,,,
八面山,徳島県,四国山地東部（剣山地）,1312m,33度55分24秒
134度05分59秒,八面山,,,
つるぎさん,,,,
剣山,徳島県,四国山地東部（剣山地）,1955m,33度51分13秒
134度05分39秒,剣山,,,
つるぎさん<まるざさやま>,,,,
剣山<丸笹山>,徳島県,四国山地東部（剣山地）,1712m,33度52分27秒
134度05分24秒,丸笹山,,,
とうのまる,,,,
塔丸,徳島県,四国山地東部（剣山地）,1713m,33度52分01秒
134度02分21秒,塔丸,,,
やはずさん,,,,
矢筈山,徳島県,四国山地東部（剣山地）,1849m,33度55分30秒
133度58分30秒,矢筈山,Ｈ21三角点改測,,
なかつざん,,,,
中津山,徳島県,四国山地東部（剣山地）,1447m,33度55分29秒
133度50分39秒,中津山,,,
くにみざん,,,,
国見山,徳島県,四国山地東部（剣山地）,1409m,33度54分27秒
133度47分05秒,国見山,,,
てんぐづか,,,,
天狗塚,徳島県,四国山地東部（剣山地）,1812m,33度49分37秒
133度56分36秒,標高点,,,
みうね,,,,
三嶺,徳島県 高知県,四国山地東部（剣山地）,1894m,33度50分22秒
133度59分16秒,三嶺,さんれい　Ｈ26三角点標高改定,,
しらがやま,,,,
白髪山,高知県,四国山地東部（剣山地）,1770m,33度48分36秒
133度59分35秒,白髪山,,,
いしたてざん,,,,
石立山,徳島県 高知県,四国山地東部（剣山地）,1708m,33度47分05秒
134度03分18秒,石立山,,,
かじがもり,,,,
梶ヶ森,高知県,四国山地東部,1400m,33度45分33秒
133度45分05秒,大兀森,,,
じんきちもり,,,,
甚吉森,徳島県 高知県,四国山地東部,1423m,33度41分41秒
134度06分36秒,甚吉森,,,
てんぐもり,,,,
天狗森,高知県,四国山地東部,1296m,33度37分08秒
134度04分04秒,天狗森,Ｈ26三角点標高改定,,
かねがりゅうもり,,,,
鐘ヶ龍森,高知県,四国山地東部,1126m,33度32分49秒
134度04分55秒,鐘ケ竜,,,
くいしやま,,,,
工石山,高知県,四国山地西部,1516m,33度51分20秒
133度34分48秒,仁尾ケ内山,奥工石山（おくくいしやま）,,
しらがやま,,,,
白髪山,高知県,四国山地西部,1469m,33度48分58秒
133度35分27秒,上関,Ｈ26三角点標高改定,,
いなむらやま,,,,
稲叢山,高知県,四国山地西部,1506m,33度44分49秒
133度21分33秒,稲村ケ台,,,
くいしやま,,,,
工石山,高知県,四国山地西部,1177m,33度40分11秒
133度30分22秒,標高点,,,
あかぼしやま,,,,
赤星山,愛媛県,四国山地西部（石鎚山地）,1453m,33度55分10秒
133度27分29秒,赤星山,,,
ひがしあかいしやま,,,,
東赤石山,愛媛県,四国山地西部（石鎚山地）,1710m,33度52分31秒
133度22分26秒,赤石,R3写真測量による標高改定,,
ささがみね,,,,
笹ヶ峰,愛媛県 高知県,四国山地西部（石鎚山地）,1860m,33度49分41秒
133度16分29秒,笹ケ峰,Ｈ26三角点標高改定,,
いよふじ,,,,
伊予富士,愛媛県 高知県,四国山地西部（石鎚山地）,1756m,33度47分17秒
133度14分53秒,伊予富士,,,
かめがもり,,,,
瓶ヶ森,愛媛県,四国山地西部（石鎚山地）,1897m,33度47分41秒
133度11分36秒,亀ケ森,Ｈ26三角点標高改定,,
いしづちさん<てんぐだけ>,,,,
石鎚山<天狗岳>,愛媛県,四国山地西部（石鎚山地）,1982m,33度46分04秒
133度06分54秒,標高点,,,
にのもり,,,,
二ノ森,愛媛県,四国山地西部（石鎚山地）,1930m,33度45分31秒
133度05分38秒,面河山,Ｈ22三角点標高改測,,
つつじょうざん,,,,
筒上山,愛媛県 高知県,四国山地西部（石鎚山地）,1860m,33度43分55秒
133度09分40秒,筒城山,Ｈ26三角点標高改定,,
いしずみさん,,,,
石墨山,愛媛県,四国山地西部,1456m,33度44分02秒
132度59分05秒,石墨山,,,
しょうじやま,,,,
障子山,愛媛県,四国山地西部,885m,33度42分19秒
132度45分55秒,障子山,,,
つぼがみやま,,,,
壺神山,愛媛県,四国山地西部,971m,33度36分20秒
132度33分17秒,壺神山,,,
いずしやま,,,,
出石山,愛媛県,四国山地西部,812m,33度32分06秒
132度27分55秒,標高点,,,
かんなんざん,,,,
神南山,愛媛県,四国山地西部,710m,33度31分03秒
132度37分58秒,神南山,,,
ございしょざん,,,,
御在所山,愛媛県,四国山地西部,915m,33度20分38秒
132度45分21秒,標高点,,,
かさとりやま,,,,
笠取山,愛媛県,四国山地西部,1562m,33度33分20秒
132度55分21秒,笠取山,,,
なかつさん（みょうじんさん）,,,,
中津山（明神山）,愛媛県 高知県,四国山地西部,1541m,33度34分32秒
133度02分48秒,中津明神山,,,
いらずやま,,,,
不入山,高知県,四国山地西部,1336m,33度26分27秒
133度03分47秒,不入山,,,
ばんだがもり,,,,
蟠蛇森,高知県,四国山地西部,770m,33度26分28秒
133度15分34秒,万朶森,Ｈ26三角点標高改定,,
すずがもり,,,,
鈴ヶ森,高知県,四国山地西部,1054m,33度21分23秒
133度03分04秒,鈴ケ森,,,
ございしょのみね,,,,
五在所ノ峯,高知県,四国山地西部,658m,33度10分38秒
133度09分03秒,五在所森,,,
どうがもり,,,,
堂が森,高知県,四国山地西部,857m,33度09分36秒
132度52分36秒,堂ケ森,,,
たかつきやま,,,,
高月山,愛媛県,四国山地西部,1229m,33度12分31秒
132度38分05秒,高月,,,
さんぼんぐい,,,,
三本杭,愛媛県,四国山地西部,1226m,33度11分18秒
132度38分07秒,滑床山,,,
ささやま,,,,
篠山,愛媛県 高知県,四国山地西部,1065m,33度03分21秒
132度39分33秒,篠山,,,
いまのやま,,,,
今ノ山,高知県,四国山地西部,868m,32度51分27秒
132度51分01秒,標高点,,,
あだちやま（きりがたけ）,,,,
足立山（霧ヶ岳）,福岡県,筑紫山地,598m,33度51分34秒
130度55分02秒,霧ケ岳,,,
ぬきさん,,,,
貫山,福岡県,筑紫山地,712m,33度46分50秒
130度54分34秒,貫山,,,
ふくちやま,,,,
福智山,福岡県,筑紫山地,901m,33度44分32秒
130度48分14秒,福智山,,,
いぬがたけ,,,,
犬ヶ岳,大分県 福岡県,筑紫山地,1131m,33度30分44秒
131度00分06秒,犬ケ岳,カメノオ,,
ひこさん,,,,
英彦山,福岡県 大分県,筑紫山地,1199m,33度28分34秒
130度55分34秒,英彦山,Ｈ26三角点標高改定,,
うまみやま,,,,
馬見山,福岡県,筑紫山地,978m,33度29分11秒
130度46分04秒,馬見山,,,
いぬなきやま（くまがしろ）,,,,
犬鳴山（熊ヶ城）,福岡県,筑紫山地,584m,33度41分14秒
130度32分57秒,熊ケ城,いんなきやま,,
さんぐんざん,,,,
三郡山,福岡県,筑紫山地,936m,33度33分20秒
130度35分02秒,三郡山,,,
きざん,,,,
基山,佐賀県,筑紫山地,404m,33度26分34秒
130度30分37秒,防住山,,,
せふりさん,,,,
脊振山,福岡県 佐賀県,筑紫山地,1055m,33度26分11秒
130度22分07秒,背振山,,,
うきだけ,,,,
浮嶽,福岡県 佐賀県,筑紫山地,805m,33度28分12秒
130度05分57秒,浮岳,,,
てんざん,,,,
天山,佐賀県,筑紫山地,1046m,33度20分20秒
130度08分34秒,天山,,,
ふたごさん,,,,
両子山,大分県,国東半島,720m,33度34分59秒
131度36分06秒,両子山,,,
かならせやま,,,,
鹿嵐山,大分県,阿蘇・くじゅうとその周辺,758m,33度26分05秒
131度15分10秒,鹿嵐山,,,
つるみだけ,,,,
鶴見岳,大分県,阿蘇・くじゅうとその周辺,1375m,33度17分12秒
131度25分47秒,鶴見岳,,,
ゆふだけ（ぶんごふじ）,,,,
由布岳（豊後富士）,大分県,阿蘇・くじゅうとその周辺,1583m,33度16分56秒
131度23分25秒,油布山,,,
はねやま,,,,
万年山,大分県,阿蘇・くじゅうとその周辺,1140m,33度13分53秒
131度07分50秒,羽根山,,,
わいたざん,,,,
涌蓋山,大分県,阿蘇・くじゅうとその周辺,1500m,33度08分24秒
131度09分52秒,涌蓋山,,,
くじゅうれんざん<なかだけ>,,,,
くじゅう連山<中岳>,大分県,阿蘇・くじゅうとその周辺,1791m,33度05分09秒
131度14分56秒,標高点,,,
くじゅうれんざん<くろだけ>,,,,
くじゅう連山<黒岳>,大分県,阿蘇・くじゅうとその周辺,1587m,33度06分20秒
131度17分34秒,標高点,,,
くじゅうれんざん<たいせんざん>,,,,
くじゅう連山<大船山>,大分県,阿蘇・くじゅうとその周辺,1786m,33度05分42秒
131度16分50秒,大船山,,,
くじゅうれんざん<みまたやま>,,,,
くじゅう連山<三俣山>,大分県,阿蘇・くじゅうとその周辺,1744m,33度06分14秒
131度14分47秒,三俣山,Ｈ24三角点改測,,
くじゅうれんざん<ほっしょうざん>,,,,
くじゅう連山<星生山>,大分県,阿蘇・くじゅうとその周辺,1762m,33度05分27秒
131度13分57秒,標高点,,,
くじゅうれんざん<くじゅうさん>,,,,
くじゅう連山<久住山>,大分県,阿蘇・くじゅうとその周辺,1787m,33度04分56秒
131度14分27秒,久住山,,,
あそさん<たかだけ>,,,,
阿蘇山<高岳>,熊本県,阿蘇・くじゅうとその周辺,1592m,32度53分04秒
131度06分14秒,高岳,,,
あそさん<ねこだけ>,,,,
阿蘇山<根子岳（猫岳）>,熊本県,阿蘇・くじゅうとその周辺,1433m,32度53分01秒
131度08分40秒,標高点,,,
あそさん<なかだけ>,,,,
阿蘇山<中岳>,熊本県,阿蘇・くじゅうとその周辺,1506m,32度53分01秒
131度05分49秒,標高点,,,
あそさん<きしまだけ>,,,,
阿蘇山<杵島岳>,熊本県,阿蘇・くじゅうとその周辺,1326m,32度53分33秒
131度03分29秒,標高点,,,
あそさん<えぼしだけ>,,,,
阿蘇山<烏帽子岳>,熊本県,阿蘇・くじゅうとその周辺,1337m,32度52分25秒
131度03分29秒,西烏帽子岳,,,
たかとりやま,,,,
鷹取山,福岡県,阿蘇・くじゅうとその周辺,802m,33度18分11秒
130度43分22秒,耳納山,,,
しゃかだけ,,,,
釈迦岳,大分県,阿蘇・くじゅうとその周辺,1231m,33度11分15秒
130度53分21秒,標高点,,,
しゅてんどうじやま,,,,
酒呑童子山,大分県,阿蘇・くじゅうとその周辺,1181m,33度05分49秒
130度54分30秒,兵戸山,,,
くにみやま,,,,
国見山,熊本県,阿蘇・くじゅうとその周辺,1018m,33度06分20秒
130度49分03秒,国見山,,,
つつがたけ,,,,
筒ヶ岳,熊本県,阿蘇・くじゅうとその周辺,501m,32度59分05秒
130度31分39秒,小代山,,,
きんぼうざん,,,,
金峰山,熊本県,阿蘇・くじゅうとその周辺,665m,32度48分51秒
130度38分20秒,金峰山,,,
くろかみざん,,,,
黒髪山,佐賀県,佐賀西部・長崎・島原,516m,33度12分50秒
129度54分08秒,標高点,,,
くにみやま,,,,
国見山,長崎県,佐賀西部・長崎・島原,776m,33度14分13秒
129度48分46秒,國見岳,,,
こくぞうざん,,,,
虚空蔵山,長崎県,佐賀西部・長崎・島原,609m,33度05分26秒
129度55分17秒,虚空蔵山,,,
たらだけ<きょうがだけ>,,,,
多良岳<経ヶ岳>,佐賀県 長崎県,佐賀西部・長崎・島原,1076m,32度59分15秒
130度04分35秒,京ノ岳,,,
たらだけ,,,,
多良岳,佐賀県,佐賀西部・長崎・島原,996m,32度58分32秒
130度05分34秒,標高点,,,
たらだけ<ごかはらだけ>,,,,
多良岳<五家原岳>,長崎県,佐賀西部・長崎・島原,1057m,32度57分29秒
130度04分36秒,仏ノ辻,,,
うんぜんだけ<ふげんだけ>,,,,
雲仙岳<普賢岳>,長崎県,佐賀西部・長崎・島原,1359m,32度45分36秒
130度17分32秒,普賢岳,,,
うんぜんだけ<へいせいしんざん>,,,,
雲仙岳<平成新山>,長崎県,佐賀西部・長崎・島原,1483m,32度45分41秒
130度17分56秒,標高点,山頂名追加：Ｈ8関係自治体からの申請による,,
ながうらだけ,,,,
長浦岳,長崎県,佐賀西部・長崎・島原,561m,32度54分49秒
129度44分41秒,長浦村,,,
はちろうだけ,,,,
八郎岳,長崎県,佐賀西部・長崎・島原,590m,32度40分13秒
129度51分23秒,八郎岳,,,
みたけ<おだけ>,,,,
御岳<雄岳>,長崎県,対馬,479m,34度34分19秒
129度22分54秒,標高点,,,
しらたけ,,,,
白嶽,長崎県,対馬,518m,34度15分51秒
129度14分59秒,標高点,,,
ありあけやま,,,,
有明山,長崎県,対馬,558m,34度12分16秒
129度15分54秒,有明山,,,
やたてやま,,,,
矢立山,長崎県,対馬,648m,34度10分39秒
129度13分34秒,矢立山,Ｈ28三角点標高改定,,
さんのうざん（おだけ）,,,,
山王山（雄嶽）,長崎県,五島列島,439m,32度56分00秒
129度03分11秒,三王山,,,
ててがたけ,,,,
父ヶ岳,長崎県,五島列島,460m,32度41分54秒
128度40分52秒,父ケ岳,Ｈ17三角点改測,,
はいだてさん,,,,
佩楯山,大分県,九州山地,754m,32度57分11秒
131度38分45秒,佩立山,,,
かたむきやま,,,,
傾山,大分県,九州山地,1605m,32度50分20秒
131度28分33秒,測定点,Ｈ16現地計測による標高改定,,
おおくえやま,,,,
大崩山,宮崎県,九州山地,1644m,32度44分16秒
131度30分47秒,測定点,Ｈ16現地計測による標高改定,,
むかばきやま,,,,
行縢山,宮崎県,九州山地,830m,32度37分33秒
131度34分20秒,行騰山,,,
そぼさん,,,,
祖母山,大分県 宮崎県,九州山地,1756m,32度49分41秒
131度20分49秒,祖母山,,,
ふるそぼさん,,,,
古祖母山,大分県 宮崎県,九州山地,1633m,32度48分10秒
131度21分52秒,古祖母山,,,
もろつかやま,,,,
諸塚山,宮崎県,九州山地,1342m,32度38分05秒
131度17分15秒,諸塚山,,,
むこうざかやま,,,,
向坂山,熊本県 宮崎県,九州山地,1685m,32度34分47秒
131度06分18秒,向坂,Ｈ14三角点改測,,
くにみだけ,,,,
国見岳,熊本県 宮崎県,九州山地,1739m,32度32分50秒
131度01分06秒,国見岳,大国見（おおくるみ）,,
かみふくねやま,,,,
上福根山,熊本県,九州山地,1646m,32度28分24秒
130度56分49秒,上福根,Ｈ26三角点標高改定,,
えしろやま（つのだけ）,,,,
江代山（津野岳）,熊本県 宮崎県,九州山地,1607m,32度22分14秒
131度04分34秒,都野岳,,,
いちふさやま,,,,
市房山,熊本県 宮崎県,九州山地,1721m,32度18分42秒
131度06分04秒,市房山,,,
いしどうやま,,,,
石堂山,宮崎県,九州山地,1547m,32度18分01秒
131度10分04秒,石堂山,,,
おすずやま,,,,
尾鈴山,宮崎県,九州山地,1405m,32度17分57秒
131度25分36秒,尾鈴山,,,
のけえぼしやま,,,,
仰烏帽子山,熊本県,九州山地,1302m,32度22分17秒
130度46分40秒,仰烏帽子,のげぼしやま,,
しらがだけ,,,,
白髪岳,熊本県,九州山地,1417m,32度09分01秒
130度56分36秒,白髪岳,,,
くにみやま,,,,
国見山,熊本県,九州山地,969m,32度11分16秒
130度36分51秒,国見山,,,
やはずだけ,,,,
矢筈岳,熊本県 鹿児島県,九州山地,687m,32度07分22秒
130度24分02秒,矢筈岳,,,
しびさん（じょうぐさん）,,,,
紫尾山（上宮山）,鹿児島県,九州山地,1067m,31度58分51秒
130度22分03秒,標高点,,,
わにつかやま,,,,
鰐塚山,宮崎県,九州南部,1118m,31度46分08秒
131度16分10秒,鰐ノ塚,,,
きりしまやま<からくにだけ>,,,,
霧島山<韓国岳>,宮崎県 鹿児島県,九州南部,1700m,31度56分03秒
130度51分42秒,西霧島山,,,
きりしまやま<しんもえだけ>,,,,
霧島山<新燃岳>,宮崎県 鹿児島県,九州南部,1421m,31度54分34秒
130度53分11秒,新燃,,,
きりしまやま<たかちほのみね>,,,,
霧島山<高千穂峰>,宮崎県,九州南部,1574m,31度53分11秒
130度55分08秒,高千穂峰,Ｈ26三角点標高改定,,
たかくまやま<おおのがらだけ>,,,,
高隈山<大箆柄岳>,鹿児島県,九州南部,1236m,31度29分10秒
130度49分07秒,大箟柄,,,
たかくまやま<おんたけ>,,,,
高隈山<御岳>,鹿児島県,九州南部,1182m,31度27分37秒
130度49分14秒,高隈山,,,
ほよしだけ,,,,
甫与志岳,鹿児島県,九州南部,967m,31度15分51秒
130度59分24秒,甫与志岳,,,
いなおだけ,,,,
稲尾岳,鹿児島県,九州南部,930m,31度07分24秒
130度53分05秒,標高点,,,
おんたけ（きただけ）,,,,
御岳（北岳）,鹿児島県,九州南部（桜島）,1117m,31度35分33秒
130度39分24秒,標高点,,,
やえやま,,,,
八重山,鹿児島県,九州南部,677m,31度44分04秒
130度26分54秒,八重山,,,
かんむりだけ（にしだけ）,,,,
冠岳（西岳）,鹿児島県,九州南部,516m,31度44分55秒
130度19分52秒,西岳,,,
くまがたけ,,,,
熊ヶ岳,鹿児島県,九州南部,590m,31度27分19秒
130度27分50秒,清水,,,
きんぽうざん,,,,
金峯山,鹿児島県,九州南部,636m,31度28分04秒
130度22分59秒,金峰山,,,
のまだけ,,,,
野間岳,鹿児島県,九州南部,591m,31度24分16秒
130度09分30秒,野間岳,,,
かいもんだけ,,,,
開聞岳,鹿児島県,九州南部,924m,31度10分48秒
130度31分42秒,測定点,,,
くらだけ,,,,
倉岳,熊本県,天草諸島,682m,32度25分40秒
130度19分37秒,倉ケ嶽,,,
かどやま,,,,
角山,熊本県,天草諸島,526m,32度23分58秒
130度05分38秒,角岳,,,
おたけ,,,,
尾岳,鹿児島県,甑島列島,604m,31度43分23秒
129度44分22秒,下甑島,,,
あまめがくら,,,,
天女ヶ倉,鹿児島県,大隅諸島（種子島）,238m,30度44分37秒
131度03分12秒,鼻指,,,
いおうだけ,,,,
硫黄岳,鹿児島県,大隅諸島（薩摩硫黄島）,704m,30度47分35秒
130度18分19秒,硫黄島,,,
やぐらだけ,,,,
櫓岳,鹿児島県,大隅諸島（黒島）,620m,30度49分42秒
129度56分15秒,黒島,Ｈ27三角点改測,,
ふるだけ,,,,
古岳,鹿児島県,大隅諸島（口永良部島）,657m,30度26分36秒
130度13分02秒,標高点,,,
みやのうらだけ,,,,
宮之浦岳,鹿児島県,大隅諸島（屋久島）,1936m,30度20分10秒
130度30分15秒,測定点,,,
ながただけ,,,,
永田岳,鹿児島県,大隅諸島（屋久島）,1886m,30度20分34秒
130度29分33秒,標高点,,,
もっちょむだけ,,,,
モッチョム岳,鹿児島県,大隅諸島（屋久島）,940m,30度15分24秒
130度33分51秒,標高点,本冨岳（もっちょむだけ）,,
まえだけ,,,,
前岳,鹿児島県,とかられっとう（口之島）,628m,29度58分05秒
129度55分32秒,口之島,,,
おんたけ,,,,
御岳,鹿児島県,とかられっとう（中之島）,979m,29度51分33秒
129度51分25秒,中之島２,,,
おたけ,,,,
御岳,鹿児島県,とかられっとう（臥蛇島）,497m,29度54分11秒
129度32分30秒,臥蛇島,,,
おたけ,,,,
御岳,鹿児島県,とかられっとう（諏訪之瀬島）,796m,29度38分18秒
129度42分50秒,標高点,Ｈ20地形図更新に伴う標高改定,,
みたけ,,,,
御岳,鹿児島県,とかられっとう（悪石島）,584m,29度27分54秒
129度35分41秒,悪石島,,,
いまきらだけ,,,,
イマキラ岳,鹿児島県,とかられっとう（宝島）,292m,29度08分40秒
129度12分29秒,宝島,,,
[よこあてじま],,,,
[横当島],鹿児島県,とかられっとう（横当島）,495m,28度48分03秒
128度59分41秒,横当島,,,
ゆわんだけ,,,,
湯湾岳,鹿児島県,奄美群島（奄美大島）,694m,28度17分46秒
129度19分16秒,湯湾岳,,,
いのかわだけ,,,,
井之川岳,鹿児島県,奄美群島（徳之島）,645m,27度46分43秒
128度58分59秒,井之川岳,,,
おおやま,,,,
大山,鹿児島県,奄美群島（沖永良部島）,240m,27度22分09秒
128度34分00秒,沖永良部島,,,
よなはだけ,,,,
与那覇岳,沖縄県,沖縄島,503m,26度43分01秒
128度13分07秒,標高点,,,
やえだけ,,,,
八重岳,沖縄県,沖縄島,453m,26度38分08秒
127度55分42秒,八重岳,Ｈ19三角点標高改定,,
おんなだけ,,,,
恩納岳,沖縄県,沖縄島,363m,26度28分46秒
127度52分29秒,恩納岳,,,
おもとだけ,,,,
於茂登岳,沖縄県,八重山列島（石垣島）,526m,24度25分38秒
124度11分00秒,測定点,,,
こみだけ,,,,
古見岳,沖縄県,八重山列島（西表島）,469m,24度21分33秒
123度53分28秒,高那岳,,,
うらぶだけ,,,,
宇良部岳,沖縄県,八重山列島（与那国島）,231m,24度27分10秒
123度00分20秒,宇良部岳,,,
